Entidad,Municipio,Porcentaje2020,Personas2020
Aguascalientes,Aguascalientes,15.77,145444.0
Aguascalientes,Asientos,28.52,13870.0
Aguascalientes,Calvillo,20.15,10552.0
Aguascalientes,Coso,24.97,3980.0
Aguascalientes,Jess Mara,17.93,22945.0
Aguascalientes,Pabelln de Arteaga,16.63,7501.0
Aguascalientes,Rincn de Romos,23.82,12825.0
Aguascalientes,San Jos de Gracia,10.51,967.0
Aguascalientes,Tepezal,21.88,4572.0
Aguascalientes,El Llano,24.4,4924.0
Aguascalientes,San Francisco de los Romo,21.19,12044.0
Baja California,Ensenada,12.47,55151.0
Baja California,Mexicali,10.73,110450.0
Baja California,Tecate,11.01,11984.0
Baja California,Tijuana,13.55,259353.0
Baja California,Playas de Rosarito,9.84,12850.0
Baja California,San Quintn,20.51,24129.0
Baja California Sur,Comond,24.17,18935.0
Baja California Sur,Muleg,15.56,10878.0
Baja California Sur,La Paz,22.65,73906.0
Baja California Sur,Los Cabos,23.83,93312.0
Baja California Sur,Loreto,21.25,4098.0
Campeche,Calkin,26.99,17783.0
Campeche,Campeche,19.36,59270.0
Campeche,Carmen,27.78,70611.0
Campeche,Champotn,28.38,23548.0
Campeche,Hecelchakn,26.52,9959.0
Campeche,Hopelchn,16.0,7966.0
Campeche,Palizada,15.96,1485.0
Campeche,Tenabo,28.04,3390.0
Campeche,Escrcega,25.31,16494.0
Campeche,Calakmul,35.19,14207.0
Campeche,Candelaria,27.7,15335.0
Coahuila de Zaragoza,Abasolo,6.24,64.0
Coahuila de Zaragoza,Acua,15.01,24600.0
Coahuila de Zaragoza,Allende,7.57,1722.0
Coahuila de Zaragoza,Arteaga,18.1,6117.0
Coahuila de Zaragoza,Candela,21.7,356.0
Coahuila de Zaragoza,Castaos,13.6,3867.0
Coahuila de Zaragoza,Cuatro Cinegas,13.81,1765.0
Coahuila de Zaragoza,Escobedo,23.79,723.0
Coahuila de Zaragoza,Francisco I. Madero,29.95,18708.0
Coahuila de Zaragoza,Frontera,13.85,10812.0
Coahuila de Zaragoza,General Cepeda,14.46,1648.0
Coahuila de Zaragoza,Guerrero,36.7,601.0
Coahuila de Zaragoza,Hidalgo,41.36,716.0
Coahuila de Zaragoza,Jimnez,31.22,2959.0
Coahuila de Zaragoza,Jurez,12.17,192.0
Coahuila de Zaragoza,Lamadrid,5.75,101.0
Coahuila de Zaragoza,Matamoros,24.92,30566.0
Coahuila de Zaragoza,Monclova,17.89,42488.0
Coahuila de Zaragoza,Morelos,15.48,1224.0
Coahuila de Zaragoza,Mzquiz,17.44,12102.0
Coahuila de Zaragoza,Nadadores,8.09,528.0
Coahuila de Zaragoza,Nava,9.98,3140.0
Coahuila de Zaragoza,Ocampo,35.36,3401.0
Coahuila de Zaragoza,Parras,20.84,9096.0
Coahuila de Zaragoza,Piedras Negras,14.44,25861.0
Coahuila de Zaragoza,Progreso,30.3,979.0
Coahuila de Zaragoza,Ramos Arizpe,11.13,13552.0
Coahuila de Zaragoza,Sabinas,9.97,6137.0
Coahuila de Zaragoza,Sacramento,11.65,287.0
Coahuila de Zaragoza,Saltillo,11.11,96884.0
Coahuila de Zaragoza,San Buenaventura,11.87,2870.0
Coahuila de Zaragoza,San Juan de Sabinas,7.7,2942.0
Coahuila de Zaragoza,San Pedro,29.31,30734.0
Coahuila de Zaragoza,Sierra Mojada,12.94,871.0
Coahuila de Zaragoza,Torren,15.02,108167.0
Coahuila de Zaragoza,Viesca,33.66,7042.0
Coahuila de Zaragoza,Villa Unin,9.9,611.0
Coahuila de Zaragoza,Zaragoza,24.42,3195.0
Colima,Armera,23.2,6587.0
Colima,Colima,17.17,29055.0
Colima,Comala,20.67,4917.0
Colima,Coquimatln,20.0,4589.0
Colima,Cuauhtmoc,15.98,5301.0
Colima,Ixtlahuacn,21.15,1278.0
Colima,Manzanillo,11.24,23053.0
Colima,Minatitln,17.54,2017.0
Colima,Tecomn,26.34,32317.0
Colima,Villa de çlvarez,13.06,21306.0
Chiapas,Acacoyagua,18.07,3748.0
Chiapas,Acala,31.27,5486.0
Chiapas,Acapetahua,15.13,4614.0
Chiapas,Altamirano,20.38,7171.0
Chiapas,Amatn,14.8,3910.0
Chiapas,Amatenango de la Frontera,11.68,3841.0
Chiapas,Amatenango del Valle,4.26,485.0
Chiapas,Angel Albino Corzo,15.72,4762.0
Chiapas,Arriaga,34.94,15479.0
Chiapas,Bejucal de Ocampo,2.58,192.0
Chiapas,Bella Vista,16.1,3164.0
Chiapas,Berriozbal,18.97,13074.0
Chiapas,Bochil,40.91,14385.0
Chiapas,El Bosque,16.33,4002.0
Chiapas,Cacahoatn,20.37,10434.0
Chiapas,Catazaj,37.06,8174.0
Chiapas,Cintalapa,19.89,17544.0
Chiapas,Coapilla,21.5,2149.0
Chiapas,Comitn de Domnguez,22.86,38477.0
Chiapas,La Concordia,26.29,13678.0
Chiapas,Copainal,10.09,2255.0
Chiapas,Chalchihuitn,28.8,6374.0
Chiapas,Chamula,13.67,14080.0
Chiapas,Chanal,29.27,4043.0
Chiapas,Chapultenango,14.68,1108.0
Chiapas,Chenalh,11.36,5433.0
Chiapas,Chiapa de Corzo,24.99,26975.0
Chiapas,Chiapilla,22.72,1412.0
Chiapas,Chicoasn,19.52,1065.0
Chiapas,Chicomuselo,25.8,9600.0
Chiapas,Chiln,4.91,6648.0
Chiapas,Escuintla,18.2,5693.0
Chiapas,Francisco Len,17.98,1315.0
Chiapas,Frontera Comalapa,25.27,22263.0
Chiapas,Frontera Hidalgo,29.89,4716.0
Chiapas,La Grandeza,1.94,151.0
Chiapas,Huehuetn,20.99,9089.0
Chiapas,Huixtn,29.29,6504.0
Chiapas,Huitiupn,27.18,7376.0
Chiapas,Huixtla,21.98,12871.0
Chiapas,La Independencia,22.19,10797.0
Chiapas,Ixhuatn,27.05,3063.0
Chiapas,Ixtacomitn,16.26,2058.0
Chiapas,Ixtapa,43.38,12240.0
Chiapas,Ixtapangajoya,16.74,1063.0
Chiapas,Jiquipilas,30.51,13883.0
Chiapas,Jitotol,13.7,3859.0
Chiapas,Jurez,25.54,6855.0
Chiapas,Larrinzar,10.21,3222.0
Chiapas,La Libertad,38.22,2019.0
Chiapas,Mapastepec,23.84,12557.0
Chiapas,Las Margaritas,7.46,9476.0
Chiapas,Mazapa de Madero,15.59,1244.0
Chiapas,Mazatn,25.84,8175.0
Chiapas,Metapa,23.98,1423.0
Chiapas,Mitontic,4.11,570.0
Chiapas,Motozintla,8.65,5545.0
Chiapas,Nicols Ruz,27.8,1338.0
Chiapas,Ocosingo,23.11,52262.0
Chiapas,Ocotepec,10.97,1561.0
Chiapas,Ocozocoautla de Espinosa,18.76,18119.0
Chiapas,Ostuacn,20.77,4770.0
Chiapas,Osumacinta,13.26,533.0
Chiapas,Oxchuc,13.04,7235.0
Chiapas,Palenque,38.76,54901.0
Chiapas,Pantelh,16.9,4504.0
Chiapas,Pantepec,26.16,3158.0
Chiapas,Pichucalco,17.09,6071.0
Chiapas,Pijijiapan,26.21,15149.0
Chiapas,El Porvenir,5.81,557.0
Chiapas,Villa Comaltitln,23.36,9011.0
Chiapas,Pueblo Nuevo Solistahuacn,31.34,8329.0
Chiapas,Rayn,30.56,3200.0
Chiapas,Reforma,43.81,20497.0
Chiapas,Las Rosas,19.13,5392.0
Chiapas,Sabanilla,3.12,1003.0
Chiapas,Salto de Agua,19.75,13230.0
Chiapas,San Cristbal de las Casas,24.58,51349.0
Chiapas,San Fernando,10.63,4552.0
Chiapas,Siltepec,21.06,3886.0
Chiapas,Simojovel,22.91,11856.0
Chiapas,Sital,22.67,3553.0
Chiapas,Socoltenango,30.71,6154.0
Chiapas,Solosuchiapa,11.68,1010.0
Chiapas,Soyal,31.59,3041.0
Chiapas,Suchiapa,27.14,7038.0
Chiapas,Suchiate,30.87,12961.0
Chiapas,Sunuapa,17.29,403.0
Chiapas,Tapachula,21.29,77012.0
Chiapas,Tapalapa,10.88,499.0
Chiapas,Tapilula,27.01,3729.0
Chiapas,Tecpatn,25.73,6133.0
Chiapas,Tenejapa,14.75,7172.0
Chiapas,Teopisca,28.03,11909.0
Chiapas,Tila,20.8,15699.0
Chiapas,Tonal,25.24,24090.0
Chiapas,Totolapa,23.06,1679.0
Chiapas,La Trinitaria,28.27,25862.0
Chiapas,Tumbal,14.56,5591.0
Chiapas,Tuxtla Gutirrez,14.66,85716.0
Chiapas,Tuxtla Chico,24.13,11685.0
Chiapas,Tuzantn,25.78,8727.0
Chiapas,Tzimol,16.99,3057.0
Chiapas,Unin Jurez,15.66,2555.0
Chiapas,Venustiano Carranza,31.57,20964.0
Chiapas,Villa Corzo,27.6,18337.0
Chiapas,Villaflores,27.51,31602.0
Chiapas,Yajaln,7.16,2664.0
Chiapas,San Lucas,43.38,3297.0
Chiapas,Zinacantn,32.6,14935.0
Chiapas,San Juan Cancuc,12.18,4667.0
Chiapas,Aldama,20.85,1785.0
Chiapas,Benemrito de las Amricas,26.14,6667.0
Chiapas,Maravilla Tenejapa,24.4,3626.0
Chiapas,Marqus de Comillas,15.84,2085.0
Chiapas,Montecristo de Guerrero,9.93,844.0
Chiapas,San Andrs Duraznal,20.31,1240.0
Chiapas,Santiago el Pinar,34.3,1718.0
Chiapas,Capitn Luis çngel Vidal,11.5,501.0
Chiapas,Rincn Chamula San Pedro,54.8,4825.0
Chiapas,El Parral,25.4,3878.0
Chiapas,Emiliano Zapata,31.46,3684.0
Chiapas,Mezcalapa,12.87,3240.0
Chihuahua,Ahumada,15.73,2278.0
Chihuahua,Aldama,7.72,1995.0
Chihuahua,Allende,6.17,544.0
Chihuahua,Aquiles Serdn,14.33,3598.0
Chihuahua,Ascensin,20.15,5713.0
Chihuahua,Bachniva,9.94,600.0
Chihuahua,Balleza,50.11,8569.0
Chihuahua,Batopilas,40.66,4766.0
Chihuahua,Bocoyna,18.31,4316.0
Chihuahua,Buenaventura,13.37,3456.0
Chihuahua,Camargo,7.08,3526.0
Chihuahua,Carich,26.13,2205.0
Chihuahua,Casas Grandes,18.38,2341.0
Chihuahua,Coronado,9.8,207.0
Chihuahua,Coyame del Sotol,2.35,30.0
Chihuahua,La Cruz,6.85,264.0
Chihuahua,Cuauhtmoc,15.57,28182.0
Chihuahua,Cusihuiriachi,8.79,466.0
Chihuahua,Chihuahua,10.11,97816.0
Chihuahua,Chnipas,13.69,886.0
Chihuahua,Delicias,11.93,18768.0
Chihuahua,Dr. Belisario Domnguez,9.98,255.0
Chihuahua,Galeana,7.28,504.0
Chihuahua,Santa Isabel,4.87,192.0
Chihuahua,Gmez Faras,19.54,1427.0
Chihuahua,Gran Morelos,12.86,327.0
Chihuahua,Guachochi,45.76,22843.0
Chihuahua,Guadalupe,5.53,244.0
Chihuahua,Guadalupe y Calvo,36.01,17328.0
Chihuahua,Guazapares,11.89,1013.0
Chihuahua,Guerrero,21.78,7725.0
Chihuahua,Hidalgo del Parral,11.24,13681.0
Chihuahua,Huejotitn,2.5,21.0
Chihuahua,Ignacio Zaragoza,5.94,321.0
Chihuahua,Janos,9.11,977.0
Chihuahua,Jimnez,11.61,4953.0
Chihuahua,Jurez,11.73,187720.0
Chihuahua,Julimes,9.45,490.0
Chihuahua,Lpez,9.81,420.0
Chihuahua,Madera,16.78,4320.0
Chihuahua,Maguarichi,20.37,276.0
Chihuahua,Manuel Benavides,1.64,20.0
Chihuahua,Matach,14.83,423.0
Chihuahua,Matamoros,12.75,572.0
Chihuahua,Meoqui,16.58,7802.0
Chihuahua,Morelos,45.61,3447.0
Chihuahua,Moris,9.68,448.0
Chihuahua,Namiquipa,10.65,2409.0
Chihuahua,Nonoava,23.71,680.0
Chihuahua,Nuevo Casas Grandes,17.38,12330.0
Chihuahua,Ocampo,12.72,1075.0
Chihuahua,Ojinaga,5.85,1410.0
Chihuahua,Praxedis G. Guerrero,15.64,832.0
Chihuahua,Riva Palacio,2.78,223.0
Chihuahua,Rosales,11.69,2008.0
Chihuahua,Rosario,8.45,183.0
Chihuahua,San Francisco de Borja,17.89,409.0
Chihuahua,San Francisco de Conchos,4.78,134.0
Chihuahua,San Francisco del Oro,7.86,409.0
Chihuahua,Santa Brbara,12.59,1481.0
Chihuahua,Satev,4.82,171.0
Chihuahua,Saucillo,10.05,3060.0
Chihuahua,Temsachic,15.16,839.0
Chihuahua,El Tule,12.74,192.0
Chihuahua,Urique,33.76,5985.0
Chihuahua,Uruachi,38.7,2621.0
Chihuahua,Valle de Zaragoza,10.62,527.0
Ciudad de Mxico,Azcapotzalco,10.92,44230.0
Ciudad de Mxico,Coyoacn,11.91,67750.0
Ciudad de Mxico,Cuajimalpa de Morelos,15.14,30264.0
Ciudad de Mxico,Gustavo A. Madero,17.56,198499.0
Ciudad de Mxico,Iztacalco,13.17,49657.0
Ciudad de Mxico,Iztapalapa,20.33,357903.0
Ciudad de Mxico,La Magdalena Contreras,15.85,38307.0
Ciudad de Mxico,Milpa Alta,23.88,38507.0
Ciudad de Mxico,çlvaro Obregn,16.39,118999.0
Ciudad de Mxico,Tlhuac,17.97,67895.0
Ciudad de Mxico,Tlalpan,19.67,135851.0
Ciudad de Mxico,Xochimilco,18.98,83026.0
Ciudad de Mxico,Benito Jurez,5.68,21219.0
Ciudad de Mxico,Cuauhtmoc,12.62,62083.0
Ciudad de Mxico,Miguel Hidalgo,8.34,30395.0
Ciudad de Mxico,Venustiano Carranza,10.79,44753.0
Durango,Canatln,14.39,4711.0
Durango,Canelas,6.12,267.0
Durango,Coneto de Comonfort,16.52,682.0
Durango,Cuencam,17.83,6420.0
Durango,Durango,15.76,109867.0
Durango,General Simn Bolvar,16.85,1753.0
Durango,Gmez Palacio,22.66,86044.0
Durango,Guadalupe Victoria,18.43,7234.0
Durango,Guanacev,13.21,1318.0
Durango,Hidalgo,9.85,382.0
Durango,Ind,10.13,486.0
Durango,Lerdo,18.4,30700.0
Durango,Mapim,18.66,5159.0
Durango,Mezquital,55.9,27449.0
Durango,Nazas,10.93,1421.0
Durango,Nombre de Dios,13.86,2728.0
Durango,Ocampo,16.02,1296.0
Durango,El Oro,13.06,1407.0
Durango,Otez,6.36,317.0
Durango,Pnuco de Coronado,24.32,3331.0
Durango,Pen Blanco,23.92,2768.0
Durango,Poanas,15.6,4157.0
Durango,Pueblo Nuevo,22.6,10179.0
Durango,Rodeo,17.78,2374.0
Durango,San Bernardo,13.13,376.0
Durango,San Dimas,2.05,321.0
Durango,San Juan de Guadalupe,15.79,838.0
Durango,San Juan del Ro,9.86,1203.0
Durango,San Luis del Cordero,9.32,198.0
Durango,San Pedro del Gallo,5.25,87.0
Durango,Santa Clara,22.07,1500.0
Durango,Santiago Papasquiaro,18.16,9296.0
Durango,Schil,27.53,1925.0
Durango,Tamazula,18.3,3581.0
Durango,Tepehuanes,13.58,1412.0
Durango,Tlahualilo,15.01,3195.0
Durango,Topia,11.87,1118.0
Durango,Vicente Guerrero,18.33,4574.0
Durango,Nuevo Ideal,14.74,4307.0
Guanajuato,Abasolo,25.75,23202.0
Guanajuato,Acmbaro,23.32,23501.0
Guanajuato,San Miguel de Allende,19.36,30989.0
Guanajuato,Apaseo el Alto,16.64,9643.0
Guanajuato,Apaseo el Grande,22.1,25897.0
Guanajuato,Atarjea,12.34,641.0
Guanajuato,Celaya,19.27,101848.0
Guanajuato,Manuel Doblado,23.49,9301.0
Guanajuato,Comonfort,23.04,16974.0
Guanajuato,Coroneo,28.2,2902.0
Guanajuato,Cortazar,11.48,10439.0
Guanajuato,Cuermaro,24.82,7288.0
Guanajuato,Doctor Mora,18.18,4641.0
Guanajuato,Dolores Hidalgo Cuna de la Independencia Nacional,23.69,38984.0
Guanajuato,Guanajuato,15.13,28295.0
Guanajuato,Huanmaro,23.49,4377.0
Guanajuato,Irapuato,20.51,123646.0
Guanajuato,Jaral del Progreso,21.74,7256.0
Guanajuato,Jercuaro,14.38,5852.0
Guanajuato,Len,28.97,515767.0
Guanajuato,Morolen,10.7,4227.0
Guanajuato,Ocampo,24.58,5944.0
Guanajuato,Pnjamo,23.79,35178.0
Guanajuato,Pueblo Nuevo,20.51,2490.0
Guanajuato,Pursima del Rincn,25.63,20725.0
Guanajuato,Romita,23.97,14165.0
Guanajuato,Salamanca,21.74,59666.0
Guanajuato,Salvatierra,17.13,14467.0
Guanajuato,San Diego de la Unin,15.29,5712.0
Guanajuato,San Felipe,18.04,19215.0
Guanajuato,San Francisco del Rincn,19.16,24149.0
Guanajuato,San Jos Iturbide,8.23,7216.0
Guanajuato,San Luis de la Paz,18.1,21374.0
Guanajuato,Santa Catarina,9.66,542.0
Guanajuato,Santa Cruz de Juventino Rosas,12.46,8853.0
Guanajuato,Santiago Maravato,11.0,724.0
Guanajuato,Silao,24.63,47419.0
Guanajuato,Tarandacuao,19.47,2009.0
Guanajuato,Tarimoro,20.66,6403.0
Guanajuato,Tierra Blanca,27.54,5465.0
Guanajuato,Uriangato,22.3,12706.0
Guanajuato,Valle de Santiago,23.8,34044.0
Guanajuato,Victoria,12.59,2336.0
Guanajuato,Villagrn,20.43,12954.0
Guanajuato,Xich,4.75,381.0
Guanajuato,Yuriria,26.17,16600.0
Guerrero,Acapulco de Jurez,34.64,262349.0
Guerrero,Ahuacuotzingo,39.47,12795.0
Guerrero,Ajuchitln del Progreso,24.47,10321.0
Guerrero,Alcozauca de Guerrero,45.48,9982.0
Guerrero,Alpoyeca,27.73,2241.0
Guerrero,Apaxtla,21.44,3048.0
Guerrero,Arcelia,17.7,5892.0
Guerrero,Atenango del Ro,18.42,1742.0
Guerrero,Atlamajalcingo del Monte,56.26,3381.0
Guerrero,Atlixtac,26.46,7796.0
Guerrero,Atoyac de çlvarez,28.84,16286.0
Guerrero,Ayutla de los Libres,27.88,20612.0
Guerrero,Azoy,41.97,7081.0
Guerrero,Benito Jurez,32.14,5147.0
Guerrero,Buenavista de Cullar,15.55,1768.0
Guerrero,Coahuayutla de Jos Mara Izazaga,16.17,1660.0
Guerrero,Cocula,22.71,3720.0
Guerrero,Copala,41.77,6301.0
Guerrero,Copalillo,33.24,5362.0
Guerrero,Copanatoyac,45.2,10118.0
Guerrero,Coyuca de Bentez,29.47,21994.0
Guerrero,Coyuca de Cataln,41.17,19075.0
Guerrero,Cuajinicuilapa,42.85,11798.0
Guerrero,Cualc,34.06,2774.0
Guerrero,Cuautepec,37.59,6573.0
Guerrero,Cuetzala del Progreso,36.42,3116.0
Guerrero,Cutzamala de Pinzn,23.67,5796.0
Guerrero,Chilapa de çlvarez,34.79,43824.0
Guerrero,Chilpancingo de los Bravo,30.71,88665.0
Guerrero,Florencio Villarreal,33.15,7239.0
Guerrero,General Canuto A. Neri,7.58,492.0
Guerrero,General Heliodoro Castillo,46.97,21204.0
Guerrero,Huamuxtitln,34.46,6673.0
Guerrero,Huitzuco de los Figueroa,27.16,9341.0
Guerrero,Iguala de la Independencia,31.35,50037.0
Guerrero,Igualapa,42.84,6511.0
Guerrero,Ixcateopan de Cuauhtmoc,33.31,2115.0
Guerrero,Zihuatanejo de Azueta,22.33,25771.0
Guerrero,Juan R. Escudero,37.23,10875.0
Guerrero,Leonardo Bravo,26.03,7765.0
Guerrero,Malinaltepec,47.61,18108.0
Guerrero,Mrtir de Cuilapan,23.27,4420.0
Guerrero,Metlatnoc,45.53,8880.0
Guerrero,Mochitln,34.29,4237.0
Guerrero,Olinal,41.99,15403.0
Guerrero,Ometepec,51.57,39911.0
Guerrero,Pedro Ascencio Alquisiras,14.87,1088.0
Guerrero,Petatln,39.1,17557.0
Guerrero,Pilcaya,17.63,2337.0
Guerrero,Pungarabato,34.46,14311.0
Guerrero,Quechultenango,42.18,21772.0
Guerrero,San Luis Acatln,53.86,26888.0
Guerrero,San Marcos,38.92,20929.0
Guerrero,San Miguel Totolapan,30.94,7724.0
Guerrero,Taxco de Alarcn,37.52,42737.0
Guerrero,Tecoanapa,30.99,16504.0
Guerrero,Tcpan de Galeana,41.98,24720.0
Guerrero,Teloloapan,17.01,9824.0
Guerrero,Tepecoacuilco de Trujano,28.48,8990.0
Guerrero,Tetipac,29.74,4415.0
Guerrero,Tixtla de Guerrero,25.92,11432.0
Guerrero,Tlacoachistlahuaca,41.48,9772.0
Guerrero,Tlacoapa,15.88,1658.0
Guerrero,Tlalchapa,11.07,1499.0
Guerrero,Tlalixtaquilla de Maldonado,41.94,3297.0
Guerrero,Tlapa de Comonfort,38.31,39620.0
Guerrero,Tlapehuala,39.23,9715.0
Guerrero,La Unin de Isidoro Montes de Oca,27.75,7153.0
Guerrero,Xalpatlhuac,30.03,3716.0
Guerrero,Xochihuehuetln,19.1,1553.0
Guerrero,Xochistlahuaca,38.38,11863.0
Guerrero,Zapotitln Tablas,32.55,4041.0
Guerrero,Zirndaro,16.42,3063.0
Guerrero,Zitlala,20.12,4574.0
Guerrero,Eduardo Neri,24.55,11973.0
Guerrero,Acatepec,29.65,12325.0
Guerrero,Marquelia,42.81,5887.0
Guerrero,Cochoapa el Grande,22.86,5022.0
Guerrero,Jos Joaquin de Herrera,18.93,3598.0
Guerrero,Juchitn,36.6,2861.0
Guerrero,Iliatenco,40.55,6292.0
Hidalgo,Acatln,32.79,8093.0
Hidalgo,Acaxochitln,45.86,22117.0
Hidalgo,Actopan,21.21,12570.0
Hidalgo,Agua Blanca de Iturbide,31.48,3350.0
Hidalgo,Ajacuba,21.45,3857.0
Hidalgo,Alfajayucan,45.08,9922.0
Hidalgo,Almoloya,24.46,2996.0
Hidalgo,Apan,21.4,9610.0
Hidalgo,El Arenal,32.75,6824.0
Hidalgo,Atitalaquia,12.3,3574.0
Hidalgo,Atlapexco,58.35,13444.0
Hidalgo,Atotonilco el Grande,21.08,6395.0
Hidalgo,Atotonilco de Tula,27.29,16603.0
Hidalgo,Calnali,36.03,5865.0
Hidalgo,Cardonal,29.47,6005.0
Hidalgo,Cuautepec de Hinojosa,26.16,15419.0
Hidalgo,Chapantongo,37.01,5191.0
Hidalgo,Chapulhuacn,20.69,4746.0
Hidalgo,Chilcuautla,37.18,7615.0
Hidalgo,Eloxochitln,7.95,204.0
Hidalgo,Emiliano Zapata,20.83,2991.0
Hidalgo,Epazoyucan,20.74,3340.0
Hidalgo,Francisco I. Madero,23.53,8451.0
Hidalgo,Huasca de Ocampo,32.03,6051.0
Hidalgo,Huautla,32.91,6855.0
Hidalgo,Huazalingo,39.65,5242.0
Hidalgo,Huehuetla,47.83,11780.0
Hidalgo,Huejutla de Reyes,46.36,62604.0
Hidalgo,Huichapan,19.64,9184.0
Hidalgo,Ixmiquilpan,31.74,32542.0
Hidalgo,Jacala de Ledezma,12.8,1555.0
Hidalgo,Jaltocn,36.77,3936.0
Hidalgo,Jurez Hidalgo,10.59,304.0
Hidalgo,Lolotla,30.82,2893.0
Hidalgo,Metepec,18.43,2475.0
Hidalgo,San Agustn Metzquititln,15.89,1488.0
Hidalgo,Metztitln,27.67,5978.0
Hidalgo,Mineral del Chico,13.53,1190.0
Hidalgo,Mineral del Monte,24.34,3421.0
Hidalgo,La Misin,15.92,1549.0
Hidalgo,Mixquiahuala de Jurez,23.02,10857.0
Hidalgo,Molango de Escamilla,19.05,2115.0
Hidalgo,Nicols Flores,24.86,1543.0
Hidalgo,Nopala de Villagrn,27.77,4961.0
Hidalgo,Omitln de Jurez,21.33,1964.0
Hidalgo,San Felipe Orizatln,32.0,12517.0
Hidalgo,Pacula,10.49,494.0
Hidalgo,Pachuca de Soto,17.07,51208.0
Hidalgo,Pisaflores,28.76,5595.0
Hidalgo,Progreso de Obregn,19.35,4442.0
Hidalgo,Mineral de la Reforma,15.38,29927.0
Hidalgo,San Agustn Tlaxiaca,31.36,12642.0
Hidalgo,San Bartolo Tutotepec,29.15,5161.0
Hidalgo,San Salvador,29.66,11370.0
Hidalgo,Santiago de Anaya,40.59,8090.0
Hidalgo,Santiago Tulantepec de Lugo Guerrero,10.8,4007.0
Hidalgo,Singuilucan,28.52,4459.0
Hidalgo,Tasquillo,30.5,5615.0
Hidalgo,Tecozautla,29.58,11860.0
Hidalgo,Tenango de Doria,27.4,4842.0
Hidalgo,Tepeapulco,18.32,9676.0
Hidalgo,Tepehuacn de Guerrero,27.64,8470.0
Hidalgo,Tepeji del Ro de Ocampo,22.19,18986.0
Hidalgo,Tepetitln,28.83,3278.0
Hidalgo,Tetepango,21.82,2456.0
Hidalgo,Villa de Tezontepec,21.57,2768.0
Hidalgo,Tezontepec de Aldama,27.54,15160.0
Hidalgo,Tianguistengo,35.75,5225.0
Hidalgo,Tizayuca,25.05,40216.0
Hidalgo,Tlahuelilpan,21.3,3932.0
Hidalgo,Tlahuiltepa,7.17,645.0
Hidalgo,Tlanalapa,20.84,2191.0
Hidalgo,Tlanchinol,49.85,20319.0
Hidalgo,Tlaxcoapan,18.73,5013.0
Hidalgo,Tolcayuca,23.58,4955.0
Hidalgo,Tula de Allende,17.68,19461.0
Hidalgo,Tulancingo de Bravo,16.45,26480.0
Hidalgo,Xochiatipan,48.19,9336.0
Hidalgo,Xochicoatln,16.43,1142.0
Hidalgo,Yahualica,44.9,11914.0
Hidalgo,Zacualtipn de çngeles,19.48,7034.0
Hidalgo,Zapotln de Jurez,21.36,4364.0
Hidalgo,Zempoala,21.15,11942.0
Hidalgo,Zimapn,16.13,6275.0
Jalisco,Acatic,16.85,3479.0
Jalisco,Acatln de Jurez,15.22,4256.0
Jalisco,Ahualulco de Mercado,14.07,3220.0
Jalisco,Amacueca,8.24,476.0
Jalisco,Amatitn,8.91,1491.0
Jalisco,Ameca,13.81,8580.0
Jalisco,San Juanito de Escobedo,13.73,1301.0
Jalisco,Arandas,14.41,11480.0
Jalisco,El Arenal,11.59,2390.0
Jalisco,Atemajac de Brizuela,24.99,1947.0
Jalisco,Atengo,12.92,727.0
Jalisco,Atenguillo,5.21,219.0
Jalisco,Atotonilco el Alto,9.06,5161.0
Jalisco,Atoyac,9.97,870.0
Jalisco,Autln de Navarro,18.5,11567.0
Jalisco,Ayotln,14.89,6272.0
Jalisco,Ayutla,19.45,2136.0
Jalisco,La Barca,18.0,10299.0
Jalisco,Bolaos,21.23,1503.0
Jalisco,Cabo Corrientes,22.65,2463.0
Jalisco,Casimiro Castillo,17.98,3560.0
Jalisco,Cihuatln,18.25,7742.0
Jalisco,Zapotln el Grande,13.55,15729.0
Jalisco,Cocula,18.83,5220.0
Jalisco,Colotln,11.03,1922.0
Jalisco,Concepcin de Buenos Aires,3.49,222.0
Jalisco,Cuautitln de Garca Barragn,30.61,5260.0
Jalisco,Cuautla,7.13,155.0
Jalisco,Cuquo,10.64,1471.0
Jalisco,Chapala,9.42,6183.0
Jalisco,Chimaltitn,29.89,982.0
Jalisco,Chiquilistln,15.5,932.0
Jalisco,Degollado,15.2,3642.0
Jalisco,Ejutla,4.65,93.0
Jalisco,Encarnacin de Daz,6.15,2991.0
Jalisco,Etzatln,11.22,2099.0
Jalisco,El Grullo,17.27,4403.0
Jalisco,Guachinango,7.37,311.0
Jalisco,Guadalajara,9.93,134634.0
Jalisco,Hostotipaquillo,5.7,500.0
Jalisco,Huejcar,9.84,585.0
Jalisco,Huejuquilla el Alto,19.28,1468.0
Jalisco,La Huerta,25.48,5200.0
Jalisco,Ixtlahuacn de los Membrillos,20.51,13482.0
Jalisco,Ixtlahuacn del Ro,19.29,3715.0
Jalisco,Jalostotitln,5.34,1650.0
Jalisco,Jamay,14.38,3367.0
Jalisco,Jess Mara,13.22,2409.0
Jalisco,Jilotln de los Dolores,7.31,692.0
Jalisco,Jocotepec,15.81,7721.0
Jalisco,Juanacatln,16.71,5371.0
Jalisco,Juchitln,11.27,627.0
Jalisco,Lagos de Moreno,11.83,21043.0
Jalisco,El Limn,3.22,174.0
Jalisco,Magdalena,8.07,1587.0
Jalisco,Santa Mara del Oro,12.61,230.0
Jalisco,La Manzanilla de la Paz,5.99,247.0
Jalisco,Mascota,9.24,1138.0
Jalisco,Mazamitla,12.54,1834.0
Jalisco,Mexticacn,4.43,236.0
Jalisco,Mezquitic,48.11,10674.0
Jalisco,Mixtln,11.15,408.0
Jalisco,Ocotln,14.53,14989.0
Jalisco,Ojuelos de Jalisco,13.14,3995.0
Jalisco,Pihuamo,15.84,1836.0
Jalisco,Poncitln,21.32,11289.0
Jalisco,Puerto Vallarta,16.07,52923.0
Jalisco,Villa Purificacin,21.21,2128.0
Jalisco,Quitupan,13.56,1054.0
Jalisco,El Salto,17.61,42135.0
Jalisco,San Cristbal de la Barranca,7.21,212.0
Jalisco,San Diego de Alejandra,16.08,1229.0
Jalisco,San Juan de los Lagos,9.12,6420.0
Jalisco,San Julin,7.72,1179.0
Jalisco,San Marcos,20.6,785.0
Jalisco,San Martn de Bolaos,15.97,496.0
Jalisco,San Martn Hidalgo,13.77,3586.0
Jalisco,San Miguel el Alto,18.16,5747.0
Jalisco,Gmez Faras,18.84,3379.0
Jalisco,San Sebastin del Oeste,10.83,554.0
Jalisco,Santa Mara de los çngeles,12.61,445.0
Jalisco,Sayula,15.48,5868.0
Jalisco,Tala,15.2,13485.0
Jalisco,Talpa de Allende,19.79,2680.0
Jalisco,Tamazula de Gordiano,15.88,5759.0
Jalisco,Tapalpa,9.29,1929.0
Jalisco,Tecalitln,10.31,1791.0
Jalisco,Tecolotln,9.64,1373.0
Jalisco,Techaluta de Montenegro,15.39,630.0
Jalisco,Tenamaxtln,9.29,681.0
Jalisco,Teocaltiche,6.77,2338.0
Jalisco,Teocuitatln de Corona,10.69,1145.0
Jalisco,Tepatitln de Morelos,10.28,13705.0
Jalisco,Tequila,13.15,5737.0
Jalisco,Teuchitln,9.73,943.0
Jalisco,Tizapn el Alto,28.7,6820.0
Jalisco,Tlajomulco de Ziga,23.12,182639.0
Jalisco,Tlaquepaque,13.69,97298.0
Jalisco,Tolimn,18.15,2164.0
Jalisco,Tomatln,16.08,5633.0
Jalisco,Tonal,18.51,111332.0
Jalisco,Tonaya,6.22,372.0
Jalisco,Tonila,8.3,631.0
Jalisco,Totatiche,7.28,306.0
Jalisco,Tototln,11.32,2360.0
Jalisco,Tuxcacuesco,18.61,1025.0
Jalisco,Tuxcueca,17.44,1174.0
Jalisco,Tuxpan,16.54,6380.0
Jalisco,Unin de San Antonio,9.4,1871.0
Jalisco,Unin de Tula,14.63,1803.0
Jalisco,Valle de Guadalupe,2.1,140.0
Jalisco,Valle de Jurez,10.07,623.0
Jalisco,San Gabriel,14.75,2350.0
Jalisco,Villa Corona,14.51,2830.0
Jalisco,Villa Guerrero,15.14,840.0
Jalisco,Villa Hidalgo,8.67,1732.0
Jalisco,Caadas de Obregn,6.06,267.0
Jalisco,Yahualica de Gonzlez Gallo,8.68,1664.0
Jalisco,Zacoalco de Torres,16.7,4502.0
Jalisco,Zapopan,11.48,167439.0
Jalisco,Zapotiltic,17.05,6311.0
Jalisco,Zapotitln de Vadillo,9.08,681.0
Jalisco,Zapotln del Rey,12.0,2124.0
Jalisco,Zapotlanejo,13.98,9166.0
Jalisco,San Ignacio Cerro Gordo,8.04,1384.0
Mxico,Acambay,40.79,29297.0
Mxico,Acolman,25.61,53843.0
Mxico,Aculco,29.2,13486.0
Mxico,Almoloya de Alquisiras,30.51,4685.0
Mxico,Almoloya de Jurez,38.5,74977.0
Mxico,Almoloya del Ro,26.18,3500.0
Mxico,Amanalco,43.27,9806.0
Mxico,Amatepec,33.71,7880.0
Mxico,Amecameca,15.46,7679.0
Mxico,Apaxco,22.94,8306.0
Mxico,Atenco,33.27,28054.0
Mxico,Atizapn,23.46,3344.0
Mxico,Atizapn de Zaragoza,12.29,67465.0
Mxico,Atlacomulco,37.2,40292.0
Mxico,Atlautla,15.25,4228.0
Mxico,Axapusco,19.89,5849.0
Mxico,Ayapango,17.87,1745.0
Mxico,Calimaya,16.8,11757.0
Mxico,Capulhuac,20.02,7647.0
Mxico,Coacalco de Berriozbal,16.62,52922.0
Mxico,Coatepec Harinas,21.21,7456.0
Mxico,Cocotitln,18.21,2973.0
Mxico,Coyotepec,10.43,4242.0
Mxico,Cuautitln,18.37,35892.0
Mxico,Chalco,23.21,104238.0
Mxico,Chapa de Mota,29.17,9219.0
Mxico,Chapultepec,20.73,2839.0
Mxico,Chiautla,22.78,7337.0
Mxico,Chicoloapan,25.1,54715.0
Mxico,Chiconcuac,25.65,7558.0
Mxico,Chimalhuacn,25.49,182707.0
Mxico,Donato Guerra,34.19,10160.0
Mxico,Ecatepec de Morelos,19.99,361484.0
Mxico,Ecatzingo,18.09,1691.0
Mxico,Huehuetoca,20.56,38765.0
Mxico,Hueypoxtla,26.19,13481.0
Mxico,Huixquilucan,10.17,30110.0
Mxico,Isidro Fabela,33.01,3739.0
Mxico,Ixtapaluca,24.35,143621.0
Mxico,Ixtapan de la Sal,21.33,8108.0
Mxico,Ixtapan del Oro,5.29,366.0
Mxico,Ixtlahuaca,32.44,53169.0
Mxico,Xalatlaco,22.78,6417.0
Mxico,Jaltenco,16.11,5176.0
Mxico,Jilotepec,26.31,23389.0
Mxico,Jilotzingo,7.65,1480.0
Mxico,Jiquipilco,44.95,36506.0
Mxico,Jocotitln,20.33,14395.0
Mxico,Joquicingo,34.83,5305.0
Mxico,Juchitepec,10.02,2570.0
Mxico,Lerma,17.41,29931.0
Mxico,Malinalco,33.47,10169.0
Mxico,Melchor Ocampo,18.6,12115.0
Mxico,Metepec,10.97,26975.0
Mxico,Mexicaltzingo,14.51,2095.0
Mxico,Morelos,31.85,8943.0
Mxico,Naucalpan de Jurez,15.04,134941.0
Mxico,Nezahualcyotl,17.24,194177.0
Mxico,Nextlalpan,20.07,12782.0
Mxico,Nicols Romero,21.04,100910.0
Mxico,Nopaltepec,8.77,956.0
Mxico,Ocoyoacac,23.1,18074.0
Mxico,Ocuilan,24.65,8968.0
Mxico,El Oro,38.52,14289.0
Mxico,Otumba,24.89,9472.0
Mxico,Otzoloapan,8.56,447.0
Mxico,Otzolotepec,20.56,18524.0
Mxico,Ozumba,24.13,7334.0
Mxico,Papalotla,11.86,616.0
Mxico,La Paz,27.5,91581.0
Mxico,Polotitln,9.34,1409.0
Mxico,Rayn,17.83,2858.0
Mxico,San Antonio la Isla,18.8,6222.0
Mxico,San Felipe del Progreso,46.51,68172.0
Mxico,San Martn de las Pirmides,16.66,4969.0
Mxico,San Mateo Atenco,23.74,24154.0
Mxico,San Simn de Guerrero,12.12,865.0
Mxico,Santo Toms,8.78,911.0
Mxico,Soyaniquilpan de Jurez,16.79,2528.0
Mxico,Sultepec,17.48,3500.0
Mxico,Tecmac,12.36,75367.0
Mxico,Tejupilco,33.58,25788.0
Mxico,Temamatla,16.85,2323.0
Mxico,Temascalapa,25.2,12562.0
Mxico,Temascalcingo,38.56,27411.0
Mxico,Temascaltepec,28.62,9019.0
Mxico,Temoaya,31.58,35327.0
Mxico,Tenancingo,25.98,28446.0
Mxico,Tenango del Aire,13.05,1438.0
Mxico,Tenango del Valle,24.33,21268.0
Mxico,Teoloyucan,14.98,10647.0
Mxico,Teotihuacn,21.2,13897.0
Mxico,Tepetlaoxtoc,22.86,8208.0
Mxico,Tepetlixpa,21.29,4305.0
Mxico,Tepotzotln,21.02,24161.0
Mxico,Tequixquiac,12.34,5641.0
Mxico,Texcaltitln,24.64,4214.0
Mxico,Texcalyacac,9.64,590.0
Mxico,Texcoco,21.93,67371.0
Mxico,Tezoyuca,22.81,12320.0
Mxico,Tianguistenco,35.01,30697.0
Mxico,Timilpan,24.7,3679.0
Mxico,Tlalmanalco,15.75,7827.0
Mxico,Tlalnepantla de Baz,15.12,110650.0
Mxico,Tlatlaya,35.06,10397.0
Mxico,Toluca,26.79,264227.0
Mxico,Tonatico,17.71,2229.0
Mxico,Tultepec,18.2,31624.0
Mxico,Tultitln,16.73,93742.0
Mxico,Valle de Bravo,9.83,6639.0
Mxico,Villa de Allende,33.52,16170.0
Mxico,Villa del Carbn,31.38,16705.0
Mxico,Villa Guerrero,29.06,21475.0
Mxico,Villa Victoria,43.13,49605.0
Mxico,Xonacatln,24.75,14698.0
Mxico,Zacazonapan,12.48,681.0
Mxico,Zacualpan,16.23,1878.0
Mxico,Zinacantepec,19.37,39186.0
Mxico,Zumpahuacn,29.76,5526.0
Mxico,Zumpango,27.97,94165.0
Mxico,Cuautitln Izcalli,12.91,76066.0
Mxico,Valle de Chalco Solidaridad,27.65,116285.0
Mxico,Luvianos,32.66,8222.0
Mxico,San Jos del Rincn,40.32,35083.0
Mxico,Tonanitla,22.03,3817.0
Michoacn de Ocampo,Acuitzio,25.43,2901.0
Michoacn de Ocampo,Aguililla,33.65,4994.0
Michoacn de Ocampo,çlvaro Obregn,32.51,7969.0
Michoacn de Ocampo,Angamacutiro,23.06,3624.0
Michoacn de Ocampo,Angangueo,18.87,2079.0
Michoacn de Ocampo,Apatzingn,19.19,24364.0
Michoacn de Ocampo,Aporo,18.49,652.0
Michoacn de Ocampo,Aquila,46.23,11909.0
Michoacn de Ocampo,Ario,11.07,3912.0
Michoacn de Ocampo,Arteaga,35.86,7452.0
Michoacn de Ocampo,Briseas,22.67,2627.0
Michoacn de Ocampo,Buenavista,14.81,6572.0
Michoacn de Ocampo,Carcuaro,13.86,1272.0
Michoacn de Ocampo,Coahuayana,25.42,4188.0
Michoacn de Ocampo,Coalcomn de Vzquez Pallares,20.42,3834.0
Michoacn de Ocampo,Coeneo,27.23,6212.0
Michoacn de Ocampo,Contepec,26.67,9801.0
Michoacn de Ocampo,Copndaro,10.69,1014.0
Michoacn de Ocampo,Cotija,19.58,3947.0
Michoacn de Ocampo,Cuitzeo,16.99,5236.0
Michoacn de Ocampo,Charapan,41.92,5582.0
Michoacn de Ocampo,Charo,17.44,4480.0
Michoacn de Ocampo,Chavinda,21.66,2282.0
Michoacn de Ocampo,Chern,24.45,4978.0
Michoacn de Ocampo,Chilchota,33.64,13780.0
Michoacn de Ocampo,Chinicuila,6.65,318.0
Michoacn de Ocampo,Chucndiro,14.51,717.0
Michoacn de Ocampo,Churintzio,15.14,792.0
Michoacn de Ocampo,Churumuco,25.45,2963.0
Michoacn de Ocampo,Ecuandureo,14.77,1837.0
Michoacn de Ocampo,Epitacio Huerta,35.16,6075.0
Michoacn de Ocampo,Erongarcuaro,25.69,4170.0
Michoacn de Ocampo,Gabriel Zamora,15.51,3144.0
Michoacn de Ocampo,Hidalgo,29.04,37685.0
Michoacn de Ocampo,La Huacana,26.33,7798.0
Michoacn de Ocampo,Huandacareo,16.14,1898.0
Michoacn de Ocampo,Huaniqueo,13.06,1037.0
Michoacn de Ocampo,Huetamo,20.78,8211.0
Michoacn de Ocampo,Huiramba,18.14,1635.0
Michoacn de Ocampo,Indaparapeo,29.63,5462.0
Michoacn de Ocampo,Irimbo,26.97,4412.0
Michoacn de Ocampo,Ixtln,17.67,2619.0
Michoacn de Ocampo,Jacona,23.76,16254.0
Michoacn de Ocampo,Jimnez,21.91,2951.0
Michoacn de Ocampo,Jiquilpan,18.83,6885.0
Michoacn de Ocampo,Jurez,24.74,3656.0
Michoacn de Ocampo,Jungapeo,22.0,4671.0
Michoacn de Ocampo,Lagunillas,22.24,1277.0
Michoacn de Ocampo,Madero,20.28,3822.0
Michoacn de Ocampo,Maravato,18.64,16318.0
Michoacn de Ocampo,Marcos Castellanos,12.1,1806.0
Michoacn de Ocampo,Lzaro Crdenas,26.23,49473.0
Michoacn de Ocampo,Morelia,14.76,123894.0
Michoacn de Ocampo,Morelos,5.49,438.0
Michoacn de Ocampo,Mgica,24.18,10872.0
Michoacn de Ocampo,Nahuatzen,40.58,12695.0
Michoacn de Ocampo,Nocuptaro,8.02,657.0
Michoacn de Ocampo,Nuevo Parangaricutiro,15.81,3385.0
Michoacn de Ocampo,Nuevo Urecho,13.63,1230.0
Michoacn de Ocampo,Numarn,6.15,580.0
Michoacn de Ocampo,Ocampo,36.31,9460.0
Michoacn de Ocampo,Pajacuarn,30.44,6823.0
Michoacn de Ocampo,Panindcuaro,18.89,2836.0
Michoacn de Ocampo,Parcuaro,21.65,5642.0
Michoacn de Ocampo,Paracho,22.94,8924.0
Michoacn de Ocampo,Ptzcuaro,23.78,23370.0
Michoacn de Ocampo,Penjamillo,21.5,3584.0
Michoacn de Ocampo,Peribn,10.61,3244.0
Michoacn de Ocampo,La Piedad,19.86,20526.0
Michoacn de Ocampo,Purpero,10.48,1556.0
Michoacn de Ocampo,Purundiro,19.18,12790.0
Michoacn de Ocampo,Querndaro,25.45,3514.0
Michoacn de Ocampo,Quiroga,15.27,4047.0
Michoacn de Ocampo,Cojumatln de Rgules,22.22,2323.0
Michoacn de Ocampo,Los Reyes,22.89,17374.0
Michoacn de Ocampo,Sahuayo,27.0,21998.0
Michoacn de Ocampo,San Lucas,32.62,5866.0
Michoacn de Ocampo,Santa Ana Maya,18.28,2426.0
Michoacn de Ocampo,Salvador Escalante,27.98,14076.0
Michoacn de Ocampo,Senguio,34.03,7075.0
Michoacn de Ocampo,Susupuato,34.86,3164.0
Michoacn de Ocampo,Tacmbaro,21.96,18269.0
Michoacn de Ocampo,Tanctaro,18.76,7465.0
Michoacn de Ocampo,Tangamandapio,16.94,5425.0
Michoacn de Ocampo,Tanganccuaro,16.18,5946.0
Michoacn de Ocampo,Tanhuato,18.6,3068.0
Michoacn de Ocampo,Taretan,12.07,1792.0
Michoacn de Ocampo,Tarmbaro,23.68,26884.0
Michoacn de Ocampo,Tepalcatepec,11.8,3132.0
Michoacn de Ocampo,Tingambato,24.22,3881.0
Michoacn de Ocampo,Tingindn,15.01,2307.0
Michoacn de Ocampo,Tiquicheo de Nicols Romero,28.19,3732.0
Michoacn de Ocampo,Tlalpujahua,36.12,10990.0
Michoacn de Ocampo,Tlazazalca,13.18,846.0
Michoacn de Ocampo,Tocumbo,19.67,2454.0
Michoacn de Ocampo,Tumbiscato,17.36,1037.0
Michoacn de Ocampo,Turicato,17.42,4764.0
Michoacn de Ocampo,Tuxpan,21.39,5575.0
Michoacn de Ocampo,Tuzantla,36.45,5113.0
Michoacn de Ocampo,Tzintzuntzan,28.15,4289.0
Michoacn de Ocampo,Tzitzio,41.35,3661.0
Michoacn de Ocampo,Uruapan,20.58,71990.0
Michoacn de Ocampo,Venustiano Carranza,24.34,5796.0
Michoacn de Ocampo,Villamar,25.93,4397.0
Michoacn de Ocampo,Vista Hermosa,19.24,3982.0
Michoacn de Ocampo,Yurcuaro,36.25,12261.0
Michoacn de Ocampo,Zacapu,22.37,17051.0
Michoacn de Ocampo,Zamora,24.13,48387.0
Michoacn de Ocampo,Zinparo,7.24,234.0
Michoacn de Ocampo,Zinapcuaro,23.04,11564.0
Michoacn de Ocampo,Ziracuaretiro,24.35,4800.0
Michoacn de Ocampo,Zitcuaro,19.85,32025.0
Michoacn de Ocampo,Jos Sixto Verduzco,28.27,7509.0
Morelos,Amacuzac,34.13,6335.0
Morelos,Atlatlahucan,32.39,9327.0
Morelos,Axochiapan,30.66,12680.0
Morelos,Ayala,24.05,21760.0
Morelos,Coatln del Ro,29.07,3074.0
Morelos,Cuautla,24.38,47386.0
Morelos,Cuernavaca,17.57,66177.0
Morelos,Emiliano Zapata,25.09,28015.0
Morelos,Huitzilac,32.64,8979.0
Morelos,Jantetelco,27.51,5150.0
Morelos,Jiutepec,19.3,42609.0
Morelos,Jojutla,19.57,11387.0
Morelos,Jonacatepec,21.72,3409.0
Morelos,Mazatepec,15.89,1585.0
Morelos,Miacatln,28.52,4483.0
Morelos,Ocuituco,31.8,6919.0
Morelos,Puente de Ixtla,30.45,12484.0
Morelos,Temixco,27.69,36689.0
Morelos,Tepalcingo,19.48,5703.0
Morelos,Tepoztln,24.43,15372.0
Morelos,Tetecala,15.12,1190.0
Morelos,Tetela del Volcn,16.3,2359.0
Morelos,Tlalnepantla,18.78,1541.0
Morelos,Tlaltizapn,28.97,15388.0
Morelos,Tlaquiltenango,20.6,7040.0
Morelos,Tlayacapan,33.12,6921.0
Morelos,Totolapan,26.05,3784.0
Morelos,Xochitepec,22.78,16810.0
Morelos,Yautepec,21.82,24684.0
Morelos,Yecapixtla,23.54,13988.0
Morelos,Zacatepec,17.49,6197.0
Morelos,Zacualpan,7.75,798.0
Morelos,Temoac,17.18,2683.0
Morelos,Coatetelco,50.1,6048.0
Morelos,Xoxocotla,39.28,11467.0
Morelos,Hueyapan,9.77,793.0
Nayarit,Acaponeta,32.85,11566.0
Nayarit,Ahuacatln,14.77,2612.0
Nayarit,Amatln de Caas,14.17,1684.0
Nayarit,Compostela,11.48,8950.0
Nayarit,Huajicori,24.47,3247.0
Nayarit,Ixtln del Ro,16.7,5275.0
Nayarit,Jala,18.6,2888.0
Nayarit,Xalisco,16.62,12418.0
Nayarit,Del Nayar,32.48,16756.0
Nayarit,Rosamorada,25.94,7744.0
Nayarit,Ruz,27.09,6240.0
Nayarit,San Blas,23.34,10095.0
Nayarit,San Pedro Lagunillas,13.61,1134.0
Nayarit,Santa Mara del Oro,16.8,4598.0
Nayarit,Santiago Ixcuintla,27.45,31406.0
Nayarit,Tecuala,33.25,13470.0
Nayarit,Tepic,17.18,83097.0
Nayarit,Tuxpan,28.2,9073.0
Nayarit,La Yesca,25.89,3853.0
Nayarit,Baha de Banderas,15.12,29262.0
Nuevo Len,Abasolo,20.73,582.0
Nuevo Len,Agualeguas,15.74,503.0
Nuevo Len,Los Aldamas,11.5,153.0
Nuevo Len,Allende,8.88,2703.0
Nuevo Len,Anhuac,18.76,3096.0
Nuevo Len,Apodaca,11.7,71994.0
Nuevo Len,Aramberri,30.33,4136.0
Nuevo Len,Bustamante,4.31,149.0
Nuevo Len,Cadereyta Jimnez,16.25,19077.0
Nuevo Len,Carmen,17.58,17206.0
Nuevo Len,Cerralvo,12.22,847.0
Nuevo Len,Cinega de Flores,17.61,11799.0
Nuevo Len,China,6.43,603.0
Nuevo Len,Dr. Arroyo,41.35,15085.0
Nuevo Len,Dr. Coss,10.84,139.0
Nuevo Len,Dr. Gonzlez,20.87,642.0
Nuevo Len,Galeana,22.18,8134.0
Nuevo Len,Garca,23.68,91508.0
Nuevo Len,San Pedro Garza Garca,2.98,3522.0
Nuevo Len,Gral. Bravo,10.27,534.0
Nuevo Len,Gral. Escobedo,15.62,71355.0
Nuevo Len,Gral. Tern,14.38,1944.0
Nuevo Len,Gral. Trevio,7.3,125.0
Nuevo Len,Gral. Zaragoza,31.11,1845.0
Nuevo Len,Gral. Zuazua,15.79,15244.0
Nuevo Len,Guadalupe,10.31,62431.0
Nuevo Len,Los Herreras,15.87,293.0
Nuevo Len,Higueras,21.79,285.0
Nuevo Len,Hualahuises,6.41,425.0
Nuevo Len,Iturbide,27.05,842.0
Nuevo Len,Jurez,19.99,93097.0
Nuevo Len,Lampazos de Naranjo,8.77,443.0
Nuevo Len,Linares,18.92,15043.0
Nuevo Len,Marn,19.81,957.0
Nuevo Len,Melchor Ocampo,6.54,92.0
Nuevo Len,Mier y Noriega,42.46,3067.0
Nuevo Len,Mina,10.84,619.0
Nuevo Len,Montemorelos,12.12,7424.0
Nuevo Len,Monterrey,11.96,128789.0
Nuevo Len,Pars,10.1,86.0
Nuevo Len,Pesquera,22.02,30853.0
Nuevo Len,Los Ramones,18.21,926.0
Nuevo Len,Rayones,20.66,464.0
Nuevo Len,Sabinas Hidalgo,10.86,3335.0
Nuevo Len,Salinas Victoria,18.12,15200.0
Nuevo Len,San Nicols de los Garza,8.11,30511.0
Nuevo Len,Hidalgo,13.45,1890.0
Nuevo Len,Santa Catarina,8.95,25610.0
Nuevo Len,Santiago,7.58,3262.0
Nuevo Len,Vallecillo,18.98,278.0
Nuevo Len,Villaldama,19.48,657.0
Oaxaca,Abejones,36.51,307.0
Oaxaca,Acatln de Prez Figueroa,27.94,11201.0
Oaxaca,Asuncin Cacalotepec,7.78,198.0
Oaxaca,Asuncin Cuyotepeji,14.48,160.0
Oaxaca,Asuncin Ixtaltepec,28.65,4271.0
Oaxaca,Asuncin Nochixtln,16.76,3303.0
Oaxaca,Asuncin Ocotln,25.59,613.0
Oaxaca,Asuncin Tlacolulita,11.33,83.0
Oaxaca,Ayotzintepec,60.42,4145.0
Oaxaca,El Barrio de la Soledad,19.53,2834.0
Oaxaca,Calihual,53.6,752.0
Oaxaca,Candelaria Loxicha,34.89,3898.0
Oaxaca,Cinega de Zimatln,9.05,276.0
Oaxaca,Ciudad Ixtepec,18.73,4667.0
Oaxaca,Coatecas Altas,21.96,1177.0
Oaxaca,Coicoyn de las Flores,49.78,4762.0
Oaxaca,La Compaa,22.69,819.0
Oaxaca,Concepcin Buenavista,23.9,180.0
Oaxaca,Concepcin Ppalo,26.94,742.0
Oaxaca,Constancia del Rosario,46.24,2242.0
Oaxaca,Cosolapa,24.07,3116.0
Oaxaca,Cosoltepec,36.29,291.0
Oaxaca,Cuilpam de Guerrero,19.41,5757.0
Oaxaca,Cuyamecalco Villa de Zaragoza,30.71,1120.0
Oaxaca,Chahuites,34.36,3794.0
Oaxaca,Chalcatongo de Hidalgo,29.49,2665.0
Oaxaca,Chiquihuitln de Benito Jurez,40.58,885.0
Oaxaca,Heroica Ciudad de Ejutla de Crespo,23.63,5491.0
Oaxaca,Eloxochitln de Flores Magn,16.96,715.0
Oaxaca,El Espinal,15.4,1345.0
Oaxaca,Tamazulpam del Espritu Santo,13.89,999.0
Oaxaca,Fresnillo de Trujano,28.38,306.0
Oaxaca,Guadalupe Etla,30.96,907.0
Oaxaca,Guadalupe de Ramrez,22.83,294.0
Oaxaca,Guelatao de Jurez,5.62,37.0
Oaxaca,Guevea de Humboldt,50.12,2635.0
Oaxaca,Mesones Hidalgo,31.31,1386.0
Oaxaca,Villa Hidalgo,9.42,178.0
Oaxaca,Heroica Ciudad de Huajuapan de Len,20.86,15676.0
Oaxaca,Huautepec,68.59,4382.0
Oaxaca,Huautla de Jimnez,36.47,11571.0
Oaxaca,Ixtln de Jurez,6.22,522.0
Oaxaca,Heroica Ciudad de Juchitn de Zaragoza,33.0,35639.0
Oaxaca,Loma Bonita,33.24,11441.0
Oaxaca,Magdalena Apasco,11.48,906.0
Oaxaca,Magdalena Jaltepec,13.23,390.0
Oaxaca,Santa Magdalena Jicotln,15.0,12.0
Oaxaca,Magdalena Mixtepec,10.5,151.0
Oaxaca,Magdalena Ocotln,9.13,108.0
Oaxaca,Magdalena Peasco,8.03,301.0
Oaxaca,Magdalena Teitipac,10.34,493.0
Oaxaca,Magdalena Tequisistln,26.56,1594.0
Oaxaca,Magdalena Tlacotepec,3.76,49.0
Oaxaca,Magdalena Zahuatln,25.38,103.0
Oaxaca,Mariscala de Jurez,20.3,759.0
Oaxaca,Mrtires de Tacubaya,46.55,674.0
Oaxaca,Matas Romero Avendao,28.05,10195.0
Oaxaca,Mazatln Villa de Flores,43.93,5592.0
Oaxaca,Miahuatln de Porfirio Daz,20.58,11511.0
Oaxaca,Mixistln de la Reforma,18.63,463.0
Oaxaca,Monjas,13.22,382.0
Oaxaca,Natividad,8.89,44.0
Oaxaca,Nazareno Etla,15.23,654.0
Oaxaca,Nejapa de Madero,19.12,1625.0
Oaxaca,Ixpantepec Nieves,29.5,319.0
Oaxaca,Santiago Niltepec,36.74,1964.0
Oaxaca,Oaxaca de Jurez,17.77,48802.0
Oaxaca,Ocotln de Morelos,19.96,4926.0
Oaxaca,La Pe,20.4,623.0
Oaxaca,Pinotepa de Don Luis,42.6,2734.0
Oaxaca,Pluma Hidalgo,24.2,788.0
Oaxaca,San Jos del Progreso,27.47,2215.0
Oaxaca,Putla Villa de Guerrero,36.83,12593.0
Oaxaca,Santa Catarina Quioquitani,13.53,62.0
Oaxaca,Reforma de Pineda,33.75,898.0
Oaxaca,La Reforma,41.94,1432.0
Oaxaca,Reyes Etla,22.36,978.0
Oaxaca,Rojas de Cuauhtmoc,12.45,162.0
Oaxaca,Salina Cruz,23.42,19177.0
Oaxaca,San Agustn Amatengo,18.46,294.0
Oaxaca,San Agustn Atenango,30.16,565.0
Oaxaca,San Agustn Chayuco,42.89,1786.0
Oaxaca,San Agustn de las Juntas,15.03,1698.0
Oaxaca,San Agustn Etla,10.64,444.0
Oaxaca,San Agustn Loxicha,41.96,10996.0
Oaxaca,San Agustn Tlacotepec,24.87,257.0
Oaxaca,San Agustn Yatareni,9.99,552.0
Oaxaca,San Andrs Cabecera Nueva,25.62,738.0
Oaxaca,San Andrs Dinicuiti,20.7,478.0
Oaxaca,San Andrs Huaxpaltepec,34.65,2161.0
Oaxaca,San Andrs Huaypam,5.41,340.0
Oaxaca,San Andrs Ixtlahuaca,13.5,240.0
Oaxaca,San Andrs Lagunas,14.86,77.0
Oaxaca,San Andrs Nuxio,23.88,442.0
Oaxaca,San Andrs Paxtln,27.48,1254.0
Oaxaca,San Andrs Sinaxtla,16.38,124.0
Oaxaca,San Andrs Solaga,2.24,40.0
Oaxaca,San Andrs Teotillpam,45.68,1934.0
Oaxaca,San Andrs Tepetlapa,33.69,128.0
Oaxaca,San Andrs Ya,9.97,39.0
Oaxaca,San Andrs Zabache,30.93,231.0
Oaxaca,San Andrs Zautla,20.34,1084.0
Oaxaca,San Antonino Castillo Velasco,28.94,1756.0
Oaxaca,San Antonino el Alto,13.84,374.0
Oaxaca,San Antonino Monte Verde,42.06,3231.0
Oaxaca,San Antonio Acutla,11.79,29.0
Oaxaca,San Antonio de la Cal,21.2,5351.0
Oaxaca,San Antonio Huitepec,27.25,800.0
Oaxaca,San Antonio Nanahuatpam,21.43,264.0
Oaxaca,San Antonio Sinicahua,32.45,542.0
Oaxaca,San Antonio Tepetlapa,35.86,1748.0
Oaxaca,San Baltazar Chichicpam,21.98,567.0
Oaxaca,San Baltazar Loxicha,21.25,674.0
Oaxaca,San Baltazar Yatzachi el Bajo,7.39,50.0
Oaxaca,San Bartolo Coyotepec,17.08,1686.0
Oaxaca,San Bartolom Ayautla,55.54,2295.0
Oaxaca,San Bartolom Loxicha,29.14,645.0
Oaxaca,San Bartolom Quialana,5.94,142.0
Oaxaca,San Bartolom Yucuae,32.18,237.0
Oaxaca,San Bartolom Zoogocho,24.91,112.0
Oaxaca,San Bartolo Soyaltepec,40.61,242.0
Oaxaca,San Bartolo Yautepec,15.41,101.0
Oaxaca,San Bernardo Mixtepec,22.67,642.0
Oaxaca,San Blas Atempa,45.06,7386.0
Oaxaca,San Carlos Yautepec,29.66,3211.0
Oaxaca,San Cristbal Amatln,36.91,1993.0
Oaxaca,San Cristbal Amoltepec,18.27,229.0
Oaxaca,San Cristbal Lachirioag,6.4,86.0
Oaxaca,San Cristbal Suchixtlahuaca,10.92,39.0
Oaxaca,San Dionisio del Mar,37.93,1966.0
Oaxaca,San Dionisio Ocotepec,13.24,1657.0
Oaxaca,San Dionisio Ocotln,10.77,149.0
Oaxaca,San Esteban Atatlahuca,26.28,1034.0
Oaxaca,San Felipe Jalapa de Daz,66.9,22672.0
Oaxaca,San Felipe Tejalpam,19.9,1639.0
Oaxaca,San Felipe Usila,40.03,6082.0
Oaxaca,San Francisco Cahuacu,42.46,1466.0
Oaxaca,San Francisco Cajonos,17.05,77.0
Oaxaca,San Francisco Chapulapa,50.72,1114.0
Oaxaca,San Francisco Chinda,25.94,211.0
Oaxaca,San Francisco del Mar,58.09,5062.0
Oaxaca,San Francisco Huehuetln,18.59,157.0
Oaxaca,San Francisco Ixhuatn,45.54,4311.0
Oaxaca,San Francisco Jaltepetongo,32.55,350.0
Oaxaca,San Francisco Lachigol,13.99,730.0
Oaxaca,San Francisco Logueche,16.84,472.0
Oaxaca,San Francisco Nuxao,13.76,52.0
Oaxaca,San Francisco Ozolotepec,21.28,465.0
Oaxaca,San Francisco Sola,21.48,434.0
Oaxaca,San Francisco Telixtlahuaca,16.88,1978.0
Oaxaca,San Francisco Teopan,74.75,233.0
Oaxaca,San Francisco Tlapancingo,58.73,1452.0
Oaxaca,San Gabriel Mixtepec,14.15,695.0
Oaxaca,San Ildefonso Amatln,25.41,592.0
Oaxaca,San Ildefonso Sola,28.44,301.0
Oaxaca,San Ildefonso Villa Alta,18.68,687.0
Oaxaca,San Jacinto Amilpas,15.12,2726.0
Oaxaca,San Jacinto Tlacotepec,25.42,568.0
Oaxaca,San Jernimo Coatln,24.94,1381.0
Oaxaca,San Jernimo Silacayoapilla,17.93,256.0
Oaxaca,San Jernimo Sosola,13.88,379.0
Oaxaca,San Jernimo Taviche,27.74,568.0
Oaxaca,San Jernimo Tecatl,32.96,520.0
Oaxaca,San Jorge Nuchita,52.99,1527.0
Oaxaca,San Jos Ayuquila,29.69,484.0
Oaxaca,San Jos Chiltepec,49.46,6146.0
Oaxaca,San Jos del Peasco,8.98,193.0
Oaxaca,San Jos Estancia Grande,47.27,443.0
Oaxaca,San Jos Independencia,46.81,1991.0
Oaxaca,San Jos Lachiguiri,41.16,1524.0
Oaxaca,San Jos Tenango,49.94,9043.0
Oaxaca,San Juan Achiutla,14.11,58.0
Oaxaca,San Juan Atepec,9.65,141.0
Oaxaca,çnimas Trujano,12.18,556.0
Oaxaca,San Juan Bautista Atatlahuca,11.02,157.0
Oaxaca,San Juan Bautista Coixtlahuaca,18.7,510.0
Oaxaca,San Juan Bautista Cuicatln,23.84,2007.0
Oaxaca,San Juan Bautista Guelache,18.49,1238.0
Oaxaca,San Juan Bautista Jayacatln,9.5,138.0
Oaxaca,San Juan Bautista Lo de Soto,39.83,934.0
Oaxaca,San Juan Bautista Suchitepec,9.26,42.0
Oaxaca,San Juan Bautista Tlacoatzintepec,43.74,954.0
Oaxaca,San Juan Bautista Tlachichilco,35.14,519.0
Oaxaca,San Juan Bautista Tuxtepec,34.86,58026.0
Oaxaca,San Juan Cacahuatepec,39.36,3520.0
Oaxaca,San Juan Cieneguilla,9.9,52.0
Oaxaca,San Juan Coatzspam,36.36,658.0
Oaxaca,San Juan Colorado,62.15,5974.0
Oaxaca,San Juan Comaltepec,41.23,1285.0
Oaxaca,San Juan Cotzocn,33.41,7811.0
Oaxaca,San Juan Chicomezchil,10.14,30.0
Oaxaca,San Juan Chilateca,6.45,98.0
Oaxaca,San Juan del Estado,13.65,383.0
Oaxaca,San Juan del Ro,7.68,105.0
Oaxaca,San Juan Diuxi,29.7,314.0
Oaxaca,San Juan Evangelista Analco,2.96,12.0
Oaxaca,San Juan Guelava,13.27,437.0
Oaxaca,San Juan Guichicovi,26.67,7689.0
Oaxaca,San Juan Ihualtepec,26.22,130.0
Oaxaca,San Juan Juquila Mixes,11.39,422.0
Oaxaca,San Juan Juquila Vijanos,8.69,163.0
Oaxaca,San Juan Lachao,18.13,830.0
Oaxaca,San Juan Lachigalla,26.17,926.0
Oaxaca,San Juan Lajarcia,32.43,206.0
Oaxaca,San Juan Lalana,68.24,14194.0
Oaxaca,San Juan de los Cus,24.08,583.0
Oaxaca,San Juan Mazatln,44.19,8182.0
Oaxaca,San Juan Mixtepec - Dto. 08,32.94,2287.0
Oaxaca,San Juan Mixtepec - Dto. 26,5.04,31.0
Oaxaca,San Juan um,47.78,2760.0
Oaxaca,San Juan Ozolotepec,43.19,1474.0
Oaxaca,San Juan Petlapa,67.67,2110.0
Oaxaca,San Juan Quiahije,15.63,657.0
Oaxaca,San Juan Quiotepec,20.43,416.0
Oaxaca,San Juan Sayultepec,23.55,207.0
Oaxaca,San Juan Taba,5.13,64.0
Oaxaca,San Juan Tamazola,39.12,1301.0
Oaxaca,San Juan Teita,39.69,216.0
Oaxaca,San Juan Teitipac,21.37,570.0
Oaxaca,San Juan Tepeuxila,24.41,657.0
Oaxaca,San Juan Teposcolula,23.35,349.0
Oaxaca,San Juan Yae,5.27,75.0
Oaxaca,San Juan Yatzona,28.33,125.0
Oaxaca,San Juan Yucuita,8.78,56.0
Oaxaca,San Lorenzo,63.2,3733.0
Oaxaca,San Lorenzo Albarradas,10.97,326.0
Oaxaca,San Lorenzo Cacaotepec,18.26,3490.0
Oaxaca,San Lorenzo Cuaunecuiltitla,24.38,203.0
Oaxaca,San Lorenzo Texmelcan,21.16,1936.0
Oaxaca,San Lorenzo Victoria,39.21,365.0
Oaxaca,San Lucas Camotln,0.06,2.0
Oaxaca,San Lucas Ojitln,55.37,11930.0
Oaxaca,San Lucas Quiavin,6.0,103.0
Oaxaca,San Lucas Zoquipam,39.89,2858.0
Oaxaca,San Luis Amatln,19.42,744.0
Oaxaca,San Marcial Ozolotepec,35.01,481.0
Oaxaca,San Marcos Arteaga,25.06,393.0
Oaxaca,San Martn de los Cansecos,15.81,157.0
Oaxaca,San Martn Huamellpam,18.98,190.0
Oaxaca,San Martn Itunyoso,68.21,1876.0
Oaxaca,San Martn Lachil,30.11,311.0
Oaxaca,San Martn Peras,44.2,5499.0
Oaxaca,San Martn Tilcajete,11.12,220.0
Oaxaca,San Martn Toxpalan,28.82,1134.0
Oaxaca,San Martn Zacatepec,33.85,449.0
Oaxaca,San Mateo Cajonos,19.63,120.0
Oaxaca,Capullpam de Mndez,5.57,90.0
Oaxaca,San Mateo del Mar,36.72,5719.0
Oaxaca,San Mateo Yoloxochitln,33.61,1288.0
Oaxaca,San Mateo Etlatongo,34.66,430.0
Oaxaca,San Mateo Nejpam,36.56,445.0
Oaxaca,San Mateo Peasco,17.78,424.0
Oaxaca,San Mateo Pias,28.29,572.0
Oaxaca,San Mateo Ro Hondo,17.34,556.0
Oaxaca,San Mateo Sindihui,35.57,703.0
Oaxaca,San Mateo Tlapiltepec,23.35,53.0
Oaxaca,San Melchor Betaza,32.97,347.0
Oaxaca,San Miguel Achiutla,27.39,191.0
Oaxaca,San Miguel Ahuehuetitln,39.35,843.0
Oaxaca,San Miguel Alopam,23.51,515.0
Oaxaca,San Miguel Amatitln,39.43,2735.0
Oaxaca,San Miguel Amatln,6.74,67.0
Oaxaca,San Miguel Coatln,27.48,875.0
Oaxaca,San Miguel Chicahua,29.78,646.0
Oaxaca,San Miguel Chimalapa,46.64,3131.0
Oaxaca,San Miguel del Puerto,15.46,1323.0
Oaxaca,San Miguel del Ro,9.05,22.0
Oaxaca,San Miguel Ejutla,18.41,212.0
Oaxaca,San Miguel el Grande,20.62,890.0
Oaxaca,San Miguel Huautla,48.99,643.0
Oaxaca,San Miguel Mixtepec,60.54,1934.0
Oaxaca,San Miguel Panixtlahuaca,10.04,628.0
Oaxaca,San Miguel Peras,31.46,1202.0
Oaxaca,San Miguel Piedras,43.78,582.0
Oaxaca,San Miguel Quetzaltepec,18.67,1361.0
Oaxaca,San Miguel Santa Flor,17.6,122.0
Oaxaca,Villa Sola de Vega,19.4,2783.0
Oaxaca,San Miguel Soyaltepec,57.72,20369.0
Oaxaca,San Miguel Suchixtepec,8.72,256.0
Oaxaca,Villa Talea de Castro,7.95,160.0
Oaxaca,San Miguel Tecomatln,11.26,34.0
Oaxaca,San Miguel Tenango,32.36,211.0
Oaxaca,San Miguel Tequixtepec,19.96,208.0
Oaxaca,San Miguel Tilquipam,25.88,813.0
Oaxaca,San Miguel Tlacamama,22.14,813.0
Oaxaca,San Miguel Tlacotepec,33.96,1053.0
Oaxaca,San Miguel Tulancingo,9.45,29.0
Oaxaca,San Miguel Yotao,52.46,307.0
Oaxaca,San Nicols,17.94,218.0
Oaxaca,San Nicols Hidalgo,42.28,441.0
Oaxaca,San Pablo Coatln,17.77,766.0
Oaxaca,San Pablo Cuatro Venados,14.1,213.0
Oaxaca,San Pablo Etla,9.96,1932.0
Oaxaca,San Pablo Huitzo,15.16,1067.0
Oaxaca,San Pablo Huixtepec,15.84,1433.0
Oaxaca,San Pablo Macuiltianguis,15.54,148.0
Oaxaca,San Pablo Tijaltepec,27.2,748.0
Oaxaca,San Pablo Villa de Mitla,17.28,2150.0
Oaxaca,San Pablo Yaganiza,11.33,128.0
Oaxaca,San Pedro Amuzgos,44.48,2951.0
Oaxaca,San Pedro Apstol,20.01,319.0
Oaxaca,San Pedro Atoyac,26.27,1198.0
Oaxaca,San Pedro Cajonos,18.45,200.0
Oaxaca,San Pedro Coxcaltepec Cntaros,3.83,27.0
Oaxaca,San Pedro Comitancillo,30.42,1319.0
Oaxaca,San Pedro el Alto,41.8,1946.0
Oaxaca,San Pedro Huamelula,28.34,2760.0
Oaxaca,San Pedro Huilotepec,46.58,1541.0
Oaxaca,San Pedro Ixcatln,52.27,5421.0
Oaxaca,San Pedro Ixtlahuaca,23.71,3884.0
Oaxaca,San Pedro Jaltepetongo,3.93,19.0
Oaxaca,San Pedro Jicayn,54.87,7001.0
Oaxaca,San Pedro Jocotipac,23.13,169.0
Oaxaca,San Pedro Juchatengo,8.72,153.0
Oaxaca,San Pedro Mrtir,27.17,516.0
Oaxaca,San Pedro Mrtir Quiechapa,52.04,384.0
Oaxaca,San Pedro Mrtir Yucuxaco,23.05,290.0
Oaxaca,San Pedro Mixtepec - Dto. 22,22.02,9375.0
Oaxaca,San Pedro Mixtepec - Dto. 26,16.96,165.0
Oaxaca,San Pedro Molinos,20.77,147.0
Oaxaca,San Pedro Nopala,55.05,413.0
Oaxaca,San Pedro Ocopetatillo,36.0,283.0
Oaxaca,San Pedro Ocotepec,13.73,330.0
Oaxaca,San Pedro Pochutla,23.86,12393.0
Oaxaca,San Pedro Quiatoni,24.55,2930.0
Oaxaca,San Pedro Sochipam,58.56,2959.0
Oaxaca,San Pedro Tapanatepec,36.55,5767.0
Oaxaca,San Pedro Taviche,25.81,372.0
Oaxaca,San Pedro Teozacoalco,43.59,503.0
Oaxaca,San Pedro Teutila,50.19,2157.0
Oaxaca,San Pedro Tida,38.63,379.0
Oaxaca,San Pedro Topiltepec,12.26,46.0
Oaxaca,San Pedro Totolpam,14.72,485.0
Oaxaca,Villa de Tututepec de Melchor Ocampo,35.71,18057.0
Oaxaca,San Pedro Yaneri,3.01,26.0
Oaxaca,San Pedro Ylox,9.23,157.0
Oaxaca,San Pedro y San Pablo Ayutla,21.76,1223.0
Oaxaca,Villa de Etla,17.33,1910.0
Oaxaca,San Pedro y San Pablo Teposcolula,14.83,646.0
Oaxaca,San Pedro y San Pablo Tequixtepec,25.4,444.0
Oaxaca,San Pedro Yucunama,18.8,45.0
Oaxaca,San Raymundo Jalpan,14.47,594.0
Oaxaca,San Sebastin Abasolo,21.22,424.0
Oaxaca,San Sebastin Coatln,45.51,1279.0
Oaxaca,San Sebastin Ixcapa,29.8,1249.0
Oaxaca,San Sebastin Nicananduta,59.66,921.0
Oaxaca,San Sebastin Ro Hondo,23.89,1004.0
Oaxaca,San Sebastin Tecomaxtlahuaca,30.77,2522.0
Oaxaca,San Sebastin Teitipac,18.13,397.0
Oaxaca,San Sebastin Tutla,7.37,1431.0
Oaxaca,San Simn Almolongas,23.0,645.0
Oaxaca,San Simn Zahuatln,58.32,2882.0
Oaxaca,Santa Ana,28.24,680.0
Oaxaca,Santa Ana Ateixtlahuaca,38.43,183.0
Oaxaca,Santa Ana Cuauhtmoc,49.34,336.0
Oaxaca,Santa Ana del Valle,16.64,363.0
Oaxaca,Santa Ana Tavela,37.56,319.0
Oaxaca,Santa Ana Tlapacoyan,33.45,655.0
Oaxaca,Santa Ana Yareni,12.26,78.0
Oaxaca,Santa Ana Zegache,27.61,1100.0
Oaxaca,Santa Catalina Quier,20.05,165.0
Oaxaca,Santa Catarina Cuixtla,5.23,78.0
Oaxaca,Santa Catarina Ixtepeji,11.68,313.0
Oaxaca,Santa Catarina Juquila,22.25,3321.0
Oaxaca,Santa Catarina Lachatao,5.34,57.0
Oaxaca,Santa Catarina Loxicha,32.74,1204.0
Oaxaca,Santa Catarina Mechoacn,51.28,2351.0
Oaxaca,Santa Catarina Minas,12.9,267.0
Oaxaca,Santa Catarina Quian,22.32,490.0
Oaxaca,Santa Catarina Tayata,22.66,150.0
Oaxaca,Santa Catarina Ticu,25.97,256.0
Oaxaca,Santa Catarina Yosonot,10.39,137.0
Oaxaca,Santa Catarina Zapoquila,42.14,170.0
Oaxaca,Santa Cruz Acatepec,31.91,525.0
Oaxaca,Santa Cruz Amilpas,9.47,1086.0
Oaxaca,Santa Cruz de Bravo,8.68,32.0
Oaxaca,Santa Cruz Itundujia,38.4,4172.0
Oaxaca,Santa Cruz Mixtepec,35.58,1324.0
Oaxaca,Santa Cruz Nundaco,39.04,1152.0
Oaxaca,Santa Cruz Papalutla,14.7,330.0
Oaxaca,Santa Cruz Tacache de Mina,33.11,974.0
Oaxaca,Santa Cruz Tacahua,29.9,354.0
Oaxaca,Santa Cruz Tayata,34.04,203.0
Oaxaca,Santa Cruz Xitla,39.92,1915.0
Oaxaca,Santa Cruz Xoxocotln,14.91,15336.0
Oaxaca,Santa Cruz Zenzontepec,32.02,6112.0
Oaxaca,Santa Gertrudis,19.85,574.0
Oaxaca,Santa Ins del Monte,23.59,663.0
Oaxaca,Santa Ins Yatzeche,3.56,32.0
Oaxaca,Santa Luca del Camino,13.54,6854.0
Oaxaca,Santa Luca Miahuatln,64.34,2173.0
Oaxaca,Santa Luca Monteverde,44.41,2988.0
Oaxaca,Santa Luca Ocotln,20.9,873.0
Oaxaca,Santa Mara Alotepec,8.05,225.0
Oaxaca,Santa Mara Apazco,17.9,292.0
Oaxaca,Santa Mara la Asuncin,59.36,1936.0
Oaxaca,Heroica Ciudad de Tlaxiaco,20.31,9047.0
Oaxaca,Ayoquezco de Aldama,18.49,902.0
Oaxaca,Santa Mara Atzompa,15.76,7241.0
Oaxaca,Santa Mara Camotln,29.37,503.0
Oaxaca,Santa Mara Colotepec,37.75,12094.0
Oaxaca,Santa Mara Cortijo,53.0,565.0
Oaxaca,Santa Mara Coyotepec,13.87,521.0
Oaxaca,Santa Mara Chachopam,13.02,99.0
Oaxaca,Villa de Chilapa de Daz,17.44,317.0
Oaxaca,Santa Mara Chilchotla,40.73,8747.0
Oaxaca,Santa Mara Chimalapa,33.6,3219.0
Oaxaca,Santa Mara del Rosario,20.65,103.0
Oaxaca,Santa Mara del Tule,6.35,568.0
Oaxaca,Santa Mara Ecatepec,19.78,676.0
Oaxaca,Santa Mara Guelac,17.88,162.0
Oaxaca,Santa Mara Guienagati,49.45,1572.0
Oaxaca,Santa Mara Huatulco,16.63,8134.0
Oaxaca,Santa Mara Huazolotitln,41.91,5029.0
Oaxaca,Santa Mara Ipalapa,40.75,1989.0
Oaxaca,Santa Mara Ixcatln,34.95,161.0
Oaxaca,Santa Mara Jacatepec,62.41,6045.0
Oaxaca,Santa Mara Jalapa del Marqus,29.81,3289.0
Oaxaca,Santa Mara Jaltianguis,9.66,57.0
Oaxaca,Santa Mara Lachixo,10.52,177.0
Oaxaca,Santa Mara Mixtequilla,24.4,1145.0
Oaxaca,Santa Mara Nativitas,23.9,144.0
Oaxaca,Santa Mara Nduayaco,17.38,79.0
Oaxaca,Santa Mara Ozolotepec,37.67,1429.0
Oaxaca,Santa Mara Ppalo,39.32,810.0
Oaxaca,Santa Mara Peoles,21.57,1935.0
Oaxaca,Santa Mara Petapa,30.59,5413.0
Oaxaca,Santa Mara Quiegolani,41.98,934.0
Oaxaca,Santa Mara Sola,24.51,372.0
Oaxaca,Santa Mara Tataltepec,30.06,95.0
Oaxaca,Santa Mara Tecomavaca,19.9,364.0
Oaxaca,Santa Mara Temaxcalapa,30.67,277.0
Oaxaca,Santa Mara Temaxcaltepec,21.85,589.0
Oaxaca,Santa Mara Teopoxco,27.51,1097.0
Oaxaca,Santa Mara Tepantlali,9.03,323.0
Oaxaca,Santa Mara Texcatitln,58.42,523.0
Oaxaca,Santa Mara Tlahuitoltepec,20.3,1961.0
Oaxaca,Santa Mara Tlalixtac,49.09,903.0
Oaxaca,Santa Mara Tonameca,36.5,8689.0
Oaxaca,Santa Mara Totolapilla,34.77,282.0
Oaxaca,Santa Mara Xadani,34.37,3175.0
Oaxaca,Santa Mara Yavesa,12.15,53.0
Oaxaca,Santa Mara Yolotepec,30.06,145.0
Oaxaca,Santa Mara Yosoya,7.88,134.0
Oaxaca,Santa Mara Yucuhiti,50.34,3026.0
Oaxaca,Santa Mara Zacatepec,35.83,6238.0
Oaxaca,Santa Mara Zaniza,45.06,1113.0
Oaxaca,Santa Mara Zoquitln,6.99,230.0
Oaxaca,Santiago Amoltepec,48.84,6770.0
Oaxaca,Santiago Apoala,25.47,260.0
Oaxaca,Santiago Apstol,25.31,1119.0
Oaxaca,Santiago Astata,39.87,1563.0
Oaxaca,Santiago Atitln,28.51,1014.0
Oaxaca,Santiago Ayuquililla,36.89,1072.0
Oaxaca,Santiago Cacaloxtepec,22.38,373.0
Oaxaca,Santiago Camotln,27.93,935.0
Oaxaca,Santiago Comaltepec,11.33,131.0
Oaxaca,Santiago Chazumba,17.09,834.0
Oaxaca,Santiago Chopam,47.17,2474.0
Oaxaca,Santiago del Ro,25.83,136.0
Oaxaca,Santiago Huajolotitln,21.39,984.0
Oaxaca,Santiago Huauclilla,4.9,26.0
Oaxaca,Santiago Ihuitln Plumas,39.08,133.0
Oaxaca,Santiago Ixcuintepec,13.97,229.0
Oaxaca,Santiago Ixtayutla,48.91,6792.0
Oaxaca,Santiago Jamiltepec,40.63,8700.0
Oaxaca,Santiago Jocotepec,71.58,10956.0
Oaxaca,Santiago Juxtlahuaca,34.93,12126.0
Oaxaca,Santiago Lachiguiri,23.54,1035.0
Oaxaca,Santiago Lalopa,13.18,57.0
Oaxaca,Santiago Laollaga,16.56,557.0
Oaxaca,Santiago Laxopa,2.57,33.0
Oaxaca,Santiago Llano Grande,51.05,1757.0
Oaxaca,Santiago Matatln,10.69,1214.0
Oaxaca,Santiago Miltepec,14.46,61.0
Oaxaca,Santiago Minas,12.08,160.0
Oaxaca,Santiago Nacaltepec,23.58,377.0
Oaxaca,Santiago Nejapilla,25.0,44.0
Oaxaca,Santiago Nundiche,68.78,930.0
Oaxaca,Santiago Nuyo,30.62,581.0
Oaxaca,Santiago Pinotepa Nacional,40.06,22855.0
Oaxaca,Santiago Suchilquitongo,19.56,2248.0
Oaxaca,Santiago Tamazola,29.62,1321.0
Oaxaca,Santiago Tapextla,53.44,1675.0
Oaxaca,Villa Tejpam de la Unin,22.38,542.0
Oaxaca,Santiago Tenango,18.96,373.0
Oaxaca,Santiago Tetepec,25.18,1237.0
Oaxaca,Santiago Texcalcingo,30.15,897.0
Oaxaca,Santiago Textitln,46.79,2308.0
Oaxaca,Santiago Tilantongo,25.1,694.0
Oaxaca,Santiago Tillo,26.43,144.0
Oaxaca,Santiago Tlazoyaltepec,20.99,1323.0
Oaxaca,Santiago Xanica,41.49,1257.0
Oaxaca,Santiago Xiacu,12.34,234.0
Oaxaca,Santiago Yaitepec,32.38,1371.0
Oaxaca,Santiago Yaveo,44.8,3404.0
Oaxaca,Santiago Yolomcatl,19.93,383.0
Oaxaca,Santiago Yosonda,19.96,1596.0
Oaxaca,Santiago Yucuyachi,25.43,254.0
Oaxaca,Santiago Zacatepec,51.27,2610.0
Oaxaca,Santiago Zoochila,16.11,68.0
Oaxaca,Nuevo Zoquipam,16.66,265.0
Oaxaca,Santo Domingo Ingenio,31.19,2397.0
Oaxaca,Santo Domingo Albarradas,13.41,107.0
Oaxaca,Santo Domingo Armenta,48.61,1534.0
Oaxaca,Santo Domingo Chihuitn,16.8,272.0
Oaxaca,Santo Domingo de Morelos,59.73,6803.0
Oaxaca,Santo Domingo Ixcatln,8.92,68.0
Oaxaca,Santo Domingo Nuxa,38.09,1271.0
Oaxaca,Santo Domingo Ozolotepec,39.07,431.0
Oaxaca,Santo Domingo Petapa,34.59,3123.0
Oaxaca,Santo Domingo Roayaga,53.38,502.0
Oaxaca,Santo Domingo Tehuantepec,34.03,21855.0
Oaxaca,Santo Domingo Teojomulco,10.87,572.0
Oaxaca,Santo Domingo Tepuxtepec,12.9,778.0
Oaxaca,Santo Domingo Tlataypam,41.07,46.0
Oaxaca,Santo Domingo Tomaltepec,12.88,437.0
Oaxaca,Santo Domingo Tonal,19.83,1467.0
Oaxaca,Santo Domingo Tonaltepec,24.8,62.0
Oaxaca,Santo Domingo Xagaca,22.7,274.0
Oaxaca,Santo Domingo Yanhuitln,32.77,536.0
Oaxaca,Santo Domingo Yodohino,14.74,48.0
Oaxaca,Santo Domingo Zanatepec,30.04,3234.0
Oaxaca,Santos Reyes Nopala,22.03,3250.0
Oaxaca,Santos Reyes Ppalo,34.69,864.0
Oaxaca,Santos Reyes Tepejillo,44.03,398.0
Oaxaca,Santos Reyes Yucun,27.4,404.0
Oaxaca,Santo Toms Jalieza,25.35,995.0
Oaxaca,Santo Toms Mazaltepec,20.64,539.0
Oaxaca,Santo Toms Ocotepec,4.34,176.0
Oaxaca,Santo Toms Tamazulapan,19.08,520.0
Oaxaca,San Vicente Coatln,14.61,513.0
Oaxaca,San Vicente Lachixo,35.3,1139.0
Oaxaca,San Vicente Nu,12.64,57.0
Oaxaca,Silacayopam,26.79,1798.0
Oaxaca,Sitio de Xitlapehua,21.89,156.0
Oaxaca,Soledad Etla,15.6,990.0
Oaxaca,Villa de Tamazulpam del Progreso,18.57,1547.0
Oaxaca,Tanetze de Zaragoza,14.41,225.0
Oaxaca,Taniche,19.71,175.0
Oaxaca,Tataltepec de Valds,50.34,3217.0
Oaxaca,Teococuilco de Marcos Prez,16.85,174.0
Oaxaca,Teotitln de Flores Magn,23.56,2038.0
Oaxaca,Teotitln del Valle,15.89,1016.0
Oaxaca,Teotongo,29.9,300.0
Oaxaca,Tepelmeme Villa de Morelos,22.47,441.0
Oaxaca,Tezoatln de Segura y Luna,46.45,5199.0
Oaxaca,San Jernimo Tlacochahuaya,13.58,783.0
Oaxaca,Tlacolula de Matamoros,22.91,6590.0
Oaxaca,Tlacotepec Plumas,45.78,188.0
Oaxaca,Tlalixtac de Cabrera,8.02,1076.0
Oaxaca,Totontepec Villa de Morelos,11.58,684.0
Oaxaca,Trinidad Zaachila,13.26,454.0
Oaxaca,La Trinidad Vista Hermosa,21.67,66.0
Oaxaca,Unin Hidalgo,47.67,7114.0
Oaxaca,Valerio Trujano,24.85,342.0
Oaxaca,San Juan Bautista Valle Nacional,38.43,7937.0
Oaxaca,Villa Daz Ordaz,11.57,748.0
Oaxaca,Yaxe,15.33,453.0
Oaxaca,Magdalena Yodocono de Porfirio Daz,22.45,378.0
Oaxaca,Yogana,8.62,107.0
Oaxaca,Yutanduchi de Guerrero,50.04,599.0
Oaxaca,Villa de Zaachila,18.27,8867.0
Oaxaca,San Mateo Yucutind,17.19,540.0
Oaxaca,Zapotitln Lagunas,44.92,1520.0
Oaxaca,Zapotitln Palmas,44.01,746.0
Oaxaca,Santa Ins de Zaragoza,10.69,156.0
Oaxaca,Zimatln de çlvarez,20.05,4183.0
Puebla,Acajete,43.65,30828.0
Puebla,Acateno,12.63,1143.0
Puebla,Acatln,31.15,12333.0
Puebla,Acatzingo,30.35,18246.0
Puebla,Acteopan,38.87,1178.0
Puebla,Ahuacatln,17.87,2260.0
Puebla,Ahuatln,38.38,1198.0
Puebla,Ahuazotepec,33.46,4120.0
Puebla,Ahuehuetitla,21.2,462.0
Puebla,Ajalpan,28.41,20031.0
Puebla,Albino Zertuche,20.26,377.0
Puebla,Aljojuca,17.24,1121.0
Puebla,Altepexi,43.83,10228.0
Puebla,Amixtln,27.04,1284.0
Puebla,Amozoc,29.03,37098.0
Puebla,Aquixtla,23.51,2094.0
Puebla,Atempan,32.01,8760.0
Puebla,Atexcal,27.77,1058.0
Puebla,Atlixco,29.71,43459.0
Puebla,Atoyatempan,17.64,1341.0
Puebla,Atzala,15.73,235.0
Puebla,Atzitzihuacn,20.0,2399.0
Puebla,Atzitzintla,28.25,2523.0
Puebla,Axutla,7.84,76.0
Puebla,Ayotoxco de Guerrero,17.07,1383.0
Puebla,Calpan,41.82,6488.0
Puebla,Caltepec,24.52,999.0
Puebla,Camocuautla,52.62,1432.0
Puebla,Caxhuacan,42.29,1591.0
Puebla,Coatepec,75.66,577.0
Puebla,Coatzingo,16.25,452.0
Puebla,Cohetzala,11.21,153.0
Puebla,Cohuecan,28.43,1516.0
Puebla,Coronango,24.77,11865.0
Puebla,Coxcatln,38.57,7556.0
Puebla,Coyomeapan,25.12,3670.0
Puebla,Coyotepec,17.29,398.0
Puebla,Cuapiaxtla de Madero,20.54,2117.0
Puebla,Cuautempan,24.6,2388.0
Puebla,Cuautinchn,34.07,4549.0
Puebla,Cuautlancingo,18.16,24257.0
Puebla,Cuayuca de Andrade,20.36,666.0
Puebla,Cuetzalan del Progreso,43.62,26047.0
Puebla,Cuyoaco,40.31,6946.0
Puebla,Chalchicomula de Sesma,23.88,10001.0
Puebla,Chapulco,23.61,1909.0
Puebla,Chiautla,19.0,4088.0
Puebla,Chiautzingo,25.23,5380.0
Puebla,Chiconcuautla,41.37,6214.0
Puebla,Chichiquila,43.21,11328.0
Puebla,Chietla,31.92,11706.0
Puebla,Chigmecatitln,20.84,250.0
Puebla,Chignahuapan,21.92,15454.0
Puebla,Chignautla,28.3,9601.0
Puebla,Chila,24.32,1220.0
Puebla,Chila de la Sal,3.52,46.0
Puebla,Honey,26.41,1743.0
Puebla,Chilchotla,39.56,7158.0
Puebla,Chinantla,21.3,598.0
Puebla,Domingo Arenas,22.05,1737.0
Puebla,Eloxochitln,40.31,5753.0
Puebla,Epatln,20.98,1023.0
Puebla,Esperanza,20.13,2515.0
Puebla,Francisco Z. Mena,42.53,9743.0
Puebla,General Felipe çngeles,22.28,4565.0
Puebla,Guadalupe,35.07,2233.0
Puebla,Guadalupe Victoria,34.58,5793.0
Puebla,Hermenegildo Galeana,39.01,2699.0
Puebla,Huaquechula,28.23,8067.0
Puebla,Huatlatlauca,14.78,891.0
Puebla,Huauchinango,28.02,27021.0
Puebla,Huehuetla,47.71,8044.0
Puebla,Huehuetln el Chico,13.91,1340.0
Puebla,Huejotzingo,33.25,33870.0
Puebla,Hueyapan,16.0,1816.0
Puebla,Hueytamalco,16.5,4594.0
Puebla,Hueytlalpan,29.24,1717.0
Puebla,Huitzilan de Serdn,55.81,8882.0
Puebla,Huitziltepec,28.42,1622.0
Puebla,Atlequizayan,22.8,593.0
Puebla,Ixcamilpa de Guerrero,22.68,910.0
Puebla,Ixcaquixtla,15.07,1309.0
Puebla,Ixtacamaxtitln,36.73,9694.0
Puebla,Ixtepec,33.05,2267.0
Puebla,Izcar de Matamoros,31.63,25757.0
Puebla,Jalpan,39.84,6013.0
Puebla,Jolalpan,27.34,3367.0
Puebla,Jonotla,34.51,1518.0
Puebla,Jopala,30.78,3750.0
Puebla,Juan C. Bonilla,22.59,5252.0
Puebla,Juan Galindo,22.62,2194.0
Puebla,Juan N. Mndez,26.07,1362.0
Puebla,Lafragua,25.97,1961.0
Puebla,Libres,33.25,11841.0
Puebla,La Magdalena Tlatlauquitepec,49.59,318.0
Puebla,Mazapiltepec de Jurez,29.03,910.0
Puebla,Mixtla,22.12,582.0
Puebla,Molcaxac,23.38,1539.0
Puebla,Caada Morelos,34.4,6612.0
Puebla,Naupan,31.47,2891.0
Puebla,Nauzontla,16.71,547.0
Puebla,Nealtican,21.96,2863.0
Puebla,Nicols Bravo,16.8,1102.0
Puebla,Nopalucan,32.82,9478.0
Puebla,Ocotepec,18.86,945.0
Puebla,Ocoyucan,25.25,10965.0
Puebla,Olintla,31.35,3711.0
Puebla,Oriental,31.3,5501.0
Puebla,Pahuatln,45.28,9463.0
Puebla,Palmar de Bravo,46.14,22115.0
Puebla,Pantepec,28.59,5630.0
Puebla,Petlalcingo,18.52,1709.0
Puebla,Piaxtla,20.96,957.0
Puebla,Puebla,20.17,331491.0
Puebla,Quecholac,37.55,18128.0
Puebla,Quimixtln,37.42,8035.0
Puebla,Rafael Lara Grajales,31.41,4636.0
Puebla,Los Reyes de Jurez,24.06,6494.0
Puebla,San Andrs Cholula,24.78,39300.0
Puebla,San Antonio Caada,28.54,1672.0
Puebla,San Diego la Mesa Tochimiltzingo,27.11,340.0
Puebla,San Felipe Teotlalcingo,19.74,1919.0
Puebla,San Felipe Tepatln,26.66,998.0
Puebla,San Gabriel Chilac,49.93,8071.0
Puebla,San Gregorio Atzompa,11.71,1118.0
Puebla,San Jernimo Tecuanipan,19.46,1267.0
Puebla,San Jernimo Xayacatln,23.73,845.0
Puebla,San Jos Chiapa,24.37,2364.0
Puebla,San Jos Miahuatln,43.86,6774.0
Puebla,San Juan Atenco,16.4,583.0
Puebla,San Juan Atzompa,11.3,109.0
Puebla,San Martn Texmelucan,28.9,45115.0
Puebla,San Martn Totoltepec,9.9,68.0
Puebla,San Matas Tlalancaleca,36.91,8040.0
Puebla,San Miguel Ixitln,29.4,153.0
Puebla,San Miguel Xoxtla,21.89,2569.0
Puebla,San Nicols Buenos Aires,37.32,3415.0
Puebla,San Nicols de los Ranchos,30.87,3483.0
Puebla,San Pablo Anicano,30.74,1141.0
Puebla,San Pedro Cholula,23.83,32779.0
Puebla,San Pedro Yeloixtlahuaca,23.02,792.0
Puebla,San Salvador el Seco,31.68,9406.0
Puebla,San Salvador el Verde,25.56,8687.0
Puebla,San Salvador Huixcolotla,21.65,3906.0
Puebla,San Sebastin Tlacotepec,42.07,5477.0
Puebla,Santa Catarina Tlaltempan,40.99,303.0
Puebla,Santa Ins Ahuatempan,18.34,1148.0
Puebla,Santa Isabel Cholula,33.01,3979.0
Puebla,Santiago Miahuatln,38.68,11526.0
Puebla,Huehuetln el Grande,7.6,458.0
Puebla,Santo Toms Hueyotlipan,11.95,1098.0
Puebla,Soltepec,20.58,2401.0
Puebla,Tecali de Herrera,31.9,8028.0
Puebla,Tecamachalco,26.73,22106.0
Puebla,Tecomatln,33.87,2283.0
Puebla,Tehuacn,29.77,97968.0
Puebla,Tehuitzingo,25.18,3427.0
Puebla,Tenampulco,28.21,1877.0
Puebla,Teopantln,31.11,1178.0
Puebla,Teotlalco,14.98,546.0
Puebla,Tepanco de Lpez,31.2,7314.0
Puebla,Tepango de Rodrguez,33.0,1353.0
Puebla,Tepatlaxco de Hidalgo,47.24,8557.0
Puebla,Tepeaca,35.77,31648.0
Puebla,Tepemaxalco,3.15,38.0
Puebla,Tepeojuma,21.05,1852.0
Puebla,Tepetzintla,21.31,2182.0
Puebla,Tepexco,13.67,1015.0
Puebla,Tepexi de Rodrguez,36.32,9699.0
Puebla,Tepeyahualco,37.85,6850.0
Puebla,Tepeyahualco de Cuauhtmoc,13.32,506.0
Puebla,Tetela de Ocampo,39.81,11690.0
Puebla,Teteles de Avila Castillo,16.05,1054.0
Puebla,Teziutln,20.96,21236.0
Puebla,Tianguismanalco,33.82,5069.0
Puebla,Tilapa,17.37,1657.0
Puebla,Tlacotepec de Benito Jurez,29.83,15680.0
Puebla,Tlacuilotepec,57.89,12402.0
Puebla,Tlachichuca,40.19,11285.0
Puebla,Tlahuapan,26.86,10009.0
Puebla,Tlaltenango,18.4,1348.0
Puebla,Tlanepantla,20.9,1112.0
Puebla,Tlaola,34.05,6058.0
Puebla,Tlapacoya,13.74,871.0
Puebla,Tlapanal,31.57,3332.0
Puebla,Tlatlauquitepec,19.29,9841.0
Puebla,Tlaxco,19.38,944.0
Puebla,Tochimilco,34.73,7089.0
Puebla,Tochtepec,33.59,7454.0
Puebla,Totoltepec de Guerrero,44.56,522.0
Puebla,Tulcingo,16.65,1622.0
Puebla,Tuzamapan de Galeana,29.78,1742.0
Puebla,Tzicatlacoyan,22.57,1442.0
Puebla,Venustiano Carranza,33.39,11274.0
Puebla,Vicente Guerrero,31.52,8262.0
Puebla,Xayacatln de Bravo,11.1,172.0
Puebla,Xicotepec,34.9,29400.0
Puebla,Xicotln,12.43,161.0
Puebla,Xiutetelco,37.13,15188.0
Puebla,Xochiapulco,21.43,728.0
Puebla,Xochiltepec,22.26,741.0
Puebla,Xochitln de Vicente Surez,37.71,4943.0
Puebla,Xochitln Todos Santos,18.58,1316.0
Puebla,Yaonhuac,25.07,1961.0
Puebla,Yehualtepec,24.3,6103.0
Puebla,Zacapala,20.97,962.0
Puebla,Zacapoaxtla,36.33,21350.0
Puebla,Zacatln,24.44,18914.0
Puebla,Zapotitln,20.93,1776.0
Puebla,Zapotitln de Mndez,32.02,1793.0
Puebla,Zaragoza,23.22,3819.0
Puebla,Zautla,50.09,11387.0
Puebla,Zihuateutla,47.17,6679.0
Puebla,Zinacatepec,33.52,5847.0
Puebla,Zongozotla,14.11,632.0
Puebla,Zoquiapan,35.92,869.0
Puebla,Zoquitln,24.77,4970.0
Quertaro,Amealco de Bonfil,37.71,26037.0
Quertaro,Pinal de Amoles,13.76,3135.0
Quertaro,Arroyo Seco,13.13,1595.0
Quertaro,Cadereyta de Montes,26.5,18445.0
Quertaro,Coln,24.04,15467.0
Quertaro,Corregidora,13.26,25356.0
Quertaro,Ezequiel Montes,25.0,10528.0
Quertaro,Huimilpan,19.8,7038.0
Quertaro,Jalpan de Serra,21.73,5670.0
Quertaro,Landa de Matamoros,19.89,3693.0
Quertaro,El Marqus,14.2,29554.0
Quertaro,Pedro Escobedo,23.11,16703.0
Quertaro,Peamiller,19.28,3515.0
Quertaro,Quertaro,13.73,127784.0
Quertaro,San Joaqun,13.92,1059.0
Quertaro,San Juan del Ro,19.11,52718.0
Quertaro,Tequisquiapan,14.45,9337.0
Quertaro,Tolimn,29.76,8097.0
Quintana Roo,Cozumel,14.02,10269.0
Quintana Roo,Felipe Carrillo Puerto,32.35,34621.0
Quintana Roo,Isla Mujeres,18.42,3335.0
Quintana Roo,Othn P. Blanco,32.08,77077.0
Quintana Roo,Benito Jurez,26.8,228537.0
Quintana Roo,Jos Mara Morelos,29.31,15758.0
Quintana Roo,Lzaro Crdenas,23.48,8405.0
Quintana Roo,Solidaridad,26.19,80613.0
Quintana Roo,Tulum,28.18,13014.0
Quintana Roo,Bacalar,32.86,16693.0
Quintana Roo,Puerto Morelos,20.71,5296.0
San Luis Potos,Ahualulco,11.05,2193.0
San Luis Potos,Alaquines,8.44,669.0
San Luis Potos,Aquismn,38.04,20529.0
San Luis Potos,Armadillo de los Infante,11.01,450.0
San Luis Potos,Crdenas,16.9,3312.0
San Luis Potos,Catorce,12.99,1267.0
San Luis Potos,Cedral,21.66,4467.0
San Luis Potos,Cerritos,14.47,3507.0
San Luis Potos,Cerro de San Pedro,12.62,649.0
San Luis Potos,Ciudad del Maz,11.94,3820.0
San Luis Potos,Ciudad Fernndez,20.45,10099.0
San Luis Potos,Tancanhuitz,24.33,5299.0
San Luis Potos,Ciudad Valles,19.58,37273.0
San Luis Potos,Coxcatln,21.96,3612.0
San Luis Potos,Charcas,17.42,4087.0
San Luis Potos,Ebano,23.08,10087.0
San Luis Potos,Guadalczar,19.28,5415.0
San Luis Potos,Huehuetln,24.82,4061.0
San Luis Potos,Lagunillas,8.18,454.0
San Luis Potos,Matehuala,18.95,19937.0
San Luis Potos,Mexquitic de Carmona,17.08,10683.0
San Luis Potos,Moctezuma,13.85,2759.0
San Luis Potos,Rayn,21.18,3500.0
San Luis Potos,Rioverde,18.91,19440.0
San Luis Potos,Salinas,17.7,5611.0
San Luis Potos,San Antonio,18.22,1741.0
San Luis Potos,San Ciro de Acosta,15.76,1608.0
San Luis Potos,San Luis Potos,12.54,111321.0
San Luis Potos,San Martn Chalchicuautla,14.75,2684.0
San Luis Potos,San Nicols Tolentino,14.42,702.0
San Luis Potos,Santa Catarina,20.94,2595.0
San Luis Potos,Santa Mara del Ro,16.12,6732.0
San Luis Potos,Santo Domingo,22.03,2565.0
San Luis Potos,San Vicente Tancuayalab,18.58,2917.0
San Luis Potos,Soledad de Graciano Snchez,12.68,41417.0
San Luis Potos,Tamasopo,26.98,8610.0
San Luis Potos,Tamazunchale,25.93,26374.0
San Luis Potos,Tampacn,29.74,4530.0
San Luis Potos,Tampamoln Corona,28.38,3895.0
San Luis Potos,Tamun,39.42,15856.0
San Luis Potos,Tanlajs,30.49,5620.0
San Luis Potos,Tanquin de Escobedo,27.93,4147.0
San Luis Potos,Tierra Nueva,9.36,760.0
San Luis Potos,Vanegas,13.51,1040.0
San Luis Potos,Venado,18.88,2992.0
San Luis Potos,Villa de Arriaga,19.12,3686.0
San Luis Potos,Villa de Guadalupe,10.7,1011.0
San Luis Potos,Villa de la Paz,13.88,749.0
San Luis Potos,Villa de Ramos,29.57,10977.0
San Luis Potos,Villa de Reyes,17.82,9675.0
San Luis Potos,Villa Hidalgo,16.26,2754.0
San Luis Potos,Villa Jurez,22.66,2492.0
San Luis Potos,Axtla de Terrazas,30.44,10312.0
San Luis Potos,Xilitla,31.51,16638.0
San Luis Potos,Zaragoza,16.0,4652.0
San Luis Potos,Villa de Arista,22.7,3807.0
San Luis Potos,Matlapa,30.38,9042.0
San Luis Potos,El Naranjo,18.32,3954.0
Sinaloa,Ahome,23.17,109672.0
Sinaloa,Angostura,27.93,12515.0
Sinaloa,Badiraguato,47.95,10924.0
Sinaloa,Concordia,23.92,5819.0
Sinaloa,Cosal,25.83,3690.0
Sinaloa,Culiacn,17.26,183715.0
Sinaloa,Choix,39.11,9961.0
Sinaloa,Elota,23.62,13328.0
Sinaloa,Escuinapa,35.28,21747.0
Sinaloa,El Fuerte,26.54,26345.0
Sinaloa,Guasave,25.92,71258.0
Sinaloa,Mazatln,19.35,104587.0
Sinaloa,Mocorito,32.15,13536.0
Sinaloa,Rosario,28.96,15714.0
Sinaloa,Salvador Alvarado,24.29,19681.0
Sinaloa,San Ignacio,27.88,4714.0
Sinaloa,Sinaloa,24.19,15412.0
Sinaloa,Navolato,27.62,41958.0
Sonora,Aconchi,13.25,362.0
Sonora,Agua Prieta,21.67,21623.0
Sonora,Alamos,38.93,10505.0
Sonora,Altar,21.34,2158.0
Sonora,Arivechi,13.36,167.0
Sonora,Arizpe,9.65,287.0
Sonora,Atil,9.35,62.0
Sonora,Bacadhuachi,16.48,172.0
Sonora,Bacanora,14.71,119.0
Sonora,Bacerac,14.63,190.0
Sonora,Bacoachi,5.33,84.0
Sonora,Bcum,32.96,8377.0
Sonora,Banmichi,7.37,143.0
Sonora,Bavicora,11.47,390.0
Sonora,Bavispe,7.5,93.0
Sonora,Benjamn Hill,16.33,868.0
Sonora,Caborca,17.14,16338.0
Sonora,Cajeme,23.62,108398.0
Sonora,Cananea,15.76,5908.0
Sonora,Carb,12.9,680.0
Sonora,La Colorada,8.52,168.0
Sonora,Cucurpe,1.2,11.0
Sonora,Cumpas,8.05,500.0
Sonora,Divisaderos,11.31,91.0
Sonora,Empalme,31.65,17683.0
Sonora,Etchojoa,47.76,34924.0
Sonora,Fronteras,14.18,1366.0
Sonora,Granados,5.35,58.0
Sonora,Guaymas,26.25,45146.0
Sonora,Hermosillo,17.13,169224.0
Sonora,Huachinera,15.95,201.0
Sonora,Husabas,7.7,73.0
Sonora,Huatabampo,37.3,28799.0
Sonora,Hupac,3.28,33.0
Sonora,Imuris,19.34,2427.0
Sonora,Magdalena,19.14,6513.0
Sonora,Mazatn,2.6,31.0
Sonora,Moctezuma,4.74,261.0
Sonora,Naco,20.13,1238.0
Sonora,Ncori Chico,19.44,317.0
Sonora,Nacozari de Garca,15.01,2167.0
Sonora,Navojoa,38.66,74287.0
Sonora,Nogales,14.14,39690.0
Sonora,înavas,7.85,31.0
Sonora,Opodepe,16.36,425.0
Sonora,Oquitoa,8.65,46.0
Sonora,Pitiquito,23.64,2297.0
Sonora,Puerto Peasco,26.07,17582.0
Sonora,Quiriego,26.16,861.0
Sonora,Rayn,13.8,220.0
Sonora,Rosario,15.35,790.0
Sonora,Sahuaripa,14.08,788.0
Sonora,San Felipe de Jess,7.88,31.0
Sonora,San Javier,7.68,44.0
Sonora,San Luis Ro Colorado,18.0,36657.0
Sonora,San Miguel de Horcasitas,31.11,4062.0
Sonora,San Pedro de la Cueva,5.93,92.0
Sonora,Santa Ana,21.54,3520.0
Sonora,Santa Cruz,4.26,83.0
Sonora,Sric,18.82,412.0
Sonora,Soyopa,9.99,145.0
Sonora,Suaqui Grande,6.88,82.0
Sonora,Tepache,16.28,204.0
Sonora,Trincheras,6.21,91.0
Sonora,Tubutama,17.96,282.0
Sonora,Ures,14.84,1351.0
Sonora,Villa Hidalgo,9.71,148.0
Sonora,Villa Pesqueira,11.15,124.0
Sonora,Ycora,33.83,1727.0
Sonora,General Plutarco Elas Calles,23.79,3398.0
Sonora,Benito Jurez,37.75,8903.0
Sonora,San Ignacio Ro Muerto,38.5,6514.0
Tabasco,Balancn,43.35,27923.0
Tabasco,Crdenas,43.26,107594.0
Tabasco,Centla,72.15,98280.0
Tabasco,Centro,29.97,196850.0
Tabasco,Comalcalco,43.72,104663.0
Tabasco,Cunduacn,44.85,68459.0
Tabasco,Emiliano Zapata,33.95,10011.0
Tabasco,Huimanguillo,40.97,80685.0
Tabasco,Jalapa,28.54,11794.0
Tabasco,Jalpa de Mndez,46.48,51475.0
Tabasco,Jonuta,57.34,19283.0
Tabasco,Macuspana,46.62,77542.0
Tabasco,Nacajuca,38.72,55771.0
Tabasco,Paraso,47.36,54109.0
Tabasco,Tacotalpa,37.63,20164.0
Tabasco,Teapa,29.69,16110.0
Tabasco,Tenosique,36.61,22777.0
Tamaulipas,Abasolo,10.44,1089.0
Tamaulipas,Aldama,11.98,3793.0
Tamaulipas,Altamira,19.15,56065.0
Tamaulipas,Antiguo Morelos,7.59,713.0
Tamaulipas,Burgos,2.38,108.0
Tamaulipas,Bustamante,18.91,1514.0
Tamaulipas,Camargo,9.89,1673.0
Tamaulipas,Casas,3.81,167.0
Tamaulipas,Ciudad Madero,10.22,21844.0
Tamaulipas,Cruillas,5.05,90.0
Tamaulipas,Gmez Faras,9.08,799.0
Tamaulipas,Gonzlez,16.13,7384.0
Tamaulipas,Gmez,14.15,2407.0
Tamaulipas,Guerrero,5.12,207.0
Tamaulipas,Gustavo Daz Ordaz,16.45,2875.0
Tamaulipas,Hidalgo,8.7,1726.0
Tamaulipas,Jaumave,19.45,3524.0
Tamaulipas,Jimnez,8.12,550.0
Tamaulipas,Llera,9.34,1468.0
Tamaulipas,Mainero,10.78,235.0
Tamaulipas,El Mante,15.94,17744.0
Tamaulipas,Matamoros,16.42,95556.0
Tamaulipas,Mndez,11.32,514.0
Tamaulipas,Mier,6.03,409.0
Tamaulipas,Miguel Alemn,15.88,4356.0
Tamaulipas,Miquihuana,15.86,624.0
Tamaulipas,Nuevo Laredo,13.08,59337.0
Tamaulipas,Nuevo Morelos,7.37,298.0
Tamaulipas,Ocampo,11.83,1788.0
Tamaulipas,Padilla,10.07,1444.0
Tamaulipas,Palmillas,11.43,233.0
Tamaulipas,Reynosa,11.52,84307.0
Tamaulipas,Ro Bravo,13.64,19633.0
Tamaulipas,San Carlos,6.32,497.0
Tamaulipas,San Fernando,14.78,8601.0
Tamaulipas,San Nicols,1.91,19.0
Tamaulipas,Soto la Marina,8.04,1968.0
Tamaulipas,Tampico,13.04,40768.0
Tamaulipas,Tula,14.47,4699.0
Tamaulipas,Valle Hermoso,16.6,10594.0
Tamaulipas,Victoria,15.46,56737.0
Tamaulipas,Villagrn,5.92,337.0
Tamaulipas,Xicotncatl,8.68,2021.0
Tlaxcala,Amaxac de Guerrero,20.62,2362.0
Tlaxcala,Apetatitln de Antonio Carvajal,22.41,3791.0
Tlaxcala,Atlangatepec,14.57,1067.0
Tlaxcala,Atltzayanca,29.66,5331.0
Tlaxcala,Apizaco,23.36,19161.0
Tlaxcala,Calpulalpan,36.03,19070.0
Tlaxcala,El Carmen Tequexquitla,39.73,7040.0
Tlaxcala,Cuapiaxtla,29.16,4647.0
Tlaxcala,Cuaxomulco,12.52,767.0
Tlaxcala,Chiautempan,28.06,21302.0
Tlaxcala,Muoz de Domingo Arenas,10.62,522.0
Tlaxcala,Espaita,17.38,1691.0
Tlaxcala,Huamantla,38.54,41781.0
Tlaxcala,Hueyotlipan,31.44,4730.0
Tlaxcala,Ixtacuixtla de Mariano Matamoros,17.5,6955.0
Tlaxcala,Ixtenco,18.33,1421.0
Tlaxcala,Mazatecochco de Jos Mara Morelos,34.95,4360.0
Tlaxcala,Contla de Juan Cuamatzi,31.33,12498.0
Tlaxcala,Tepetitla de Lardizbal,29.2,6611.0
Tlaxcala,Sanctrum de Lzaro Crdenas,18.93,1845.0
Tlaxcala,Nanacamilpa de Mariano Arista,25.23,4493.0
Tlaxcala,Acuamanala de Miguel Hidalgo,21.88,1454.0
Tlaxcala,Natvitas,30.41,8447.0
Tlaxcala,Panotla,24.35,7411.0
Tlaxcala,San Pablo del Monte,43.73,38264.0
Tlaxcala,Santa Cruz Tlaxcala,26.33,6427.0
Tlaxcala,Tenancingo,29.33,3841.0
Tlaxcala,Teolocholco,31.13,8050.0
Tlaxcala,Tepeyanco,23.49,3165.0
Tlaxcala,Terrenate,22.45,3116.0
Tlaxcala,Tetla de la Solidaridad,24.01,8222.0
Tlaxcala,Tetlatlahuca,23.57,3271.0
Tlaxcala,Tlaxcala,15.74,16903.0
Tlaxcala,Tlaxco,31.38,13473.0
Tlaxcala,Tocatln,15.23,991.0
Tlaxcala,Totolac,22.57,5559.0
Tlaxcala,Ziltlaltpec de Trinidad Snchez Santos,29.82,2837.0
Tlaxcala,Tzompantepec,31.9,6174.0
Tlaxcala,Xaloztoc,28.0,7268.0
Tlaxcala,Xaltocan,22.7,2331.0
Tlaxcala,Papalotla de Xicohtncatl,36.49,13345.0
Tlaxcala,Xicohtzinco,22.97,3261.0
Tlaxcala,Yauhquemehcan,25.31,11281.0
Tlaxcala,Zacatelco,24.84,11115.0
Tlaxcala,Benito Jurez,14.09,904.0
Tlaxcala,Emiliano Zapata,5.8,297.0
Tlaxcala,Lzaro Crdenas,7.49,274.0
Tlaxcala,San Damin Texloc,8.18,498.0
Tlaxcala,San Francisco Tetlanohcan,32.15,3900.0
Tlaxcala,San Jernimo Zacualpan,8.91,377.0
Tlaxcala,San Jos Teacalco,12.13,807.0
Tlaxcala,San Juan Huactzinco,18.35,1457.0
Tlaxcala,San Lorenzo Axocomanitla,14.49,852.0
Tlaxcala,San Lucas Tecopilco,11.61,369.0
Tlaxcala,Santa Ana Nopalucan,7.41,609.0
Tlaxcala,Santa Apolonia Teacalco,12.41,595.0
Tlaxcala,Santa Catarina Ayometla,11.31,1106.0
Tlaxcala,Santa Cruz Quilehtla,13.86,1110.0
Tlaxcala,Santa Isabel Xiloxoxtla,15.13,851.0
Veracruz de Ignacio de la Llave,Acajete,30.25,3037.0
Veracruz de Ignacio de la Llave,Acatln,12.51,446.0
Veracruz de Ignacio de la Llave,Acayucan,22.56,19448.0
Veracruz de Ignacio de la Llave,Actopan,18.44,7796.0
Veracruz de Ignacio de la Llave,Acula,23.8,1294.0
Veracruz de Ignacio de la Llave,Acultzingo,26.42,7175.0
Veracruz de Ignacio de la Llave,Camarn de Tejeda,12.9,873.0
Veracruz de Ignacio de la Llave,Alpatlhuac,28.61,3774.0
Veracruz de Ignacio de la Llave,Alto Lucero de Gutirrez Barrios,3.42,928.0
Veracruz de Ignacio de la Llave,Altotonga,26.43,19644.0
Veracruz de Ignacio de la Llave,Alvarado,17.85,9399.0
Veracruz de Ignacio de la Llave,Amatitln,19.79,1611.0
Veracruz de Ignacio de la Llave,Naranjos Amatln,27.61,7816.0
Veracruz de Ignacio de la Llave,Amatln de los Reyes,18.75,9114.0
Veracruz de Ignacio de la Llave,Angel R. Cabada,37.08,13003.0
Veracruz de Ignacio de la Llave,La Antigua,16.1,4317.0
Veracruz de Ignacio de la Llave,Apazapan,16.46,802.0
Veracruz de Ignacio de la Llave,Aquila,42.56,871.0
Veracruz de Ignacio de la Llave,Astacinga,26.73,1911.0
Veracruz de Ignacio de la Llave,Atlahuilco,14.33,1717.0
Veracruz de Ignacio de la Llave,Atoyac,20.07,4569.0
Veracruz de Ignacio de la Llave,Atzacan,26.2,6920.0
Veracruz de Ignacio de la Llave,Atzalan,21.63,11766.0
Veracruz de Ignacio de la Llave,Tlaltetela,24.09,4459.0
Veracruz de Ignacio de la Llave,Ayahualulco,23.62,8177.0
Veracruz de Ignacio de la Llave,Banderilla,10.03,2446.0
Veracruz de Ignacio de la Llave,Benito Jurez,42.6,8275.0
Veracruz de Ignacio de la Llave,Boca del Ro,12.67,16760.0
Veracruz de Ignacio de la Llave,Calcahualco,22.32,3164.0
Veracruz de Ignacio de la Llave,Camerino Z. Mendoza,22.58,9777.0
Veracruz de Ignacio de la Llave,Carrillo Puerto,20.23,4686.0
Veracruz de Ignacio de la Llave,Catemaco,42.15,24258.0
Veracruz de Ignacio de la Llave,Cazones de Herrera,33.89,9870.0
Veracruz de Ignacio de la Llave,Cerro Azul,20.27,5185.0
Veracruz de Ignacio de la Llave,Citlaltpetl,26.06,3673.0
Veracruz de Ignacio de la Llave,Coacoatzintla,18.83,2284.0
Veracruz de Ignacio de la Llave,Coahuitln,43.42,3674.0
Veracruz de Ignacio de la Llave,Coatepec,14.18,13220.0
Veracruz de Ignacio de la Llave,Coatzacoalcos,22.75,63618.0
Veracruz de Ignacio de la Llave,Coatzintla,26.17,14021.0
Veracruz de Ignacio de la Llave,Coetzala,31.68,772.0
Veracruz de Ignacio de la Llave,Colipa,18.46,1097.0
Veracruz de Ignacio de la Llave,Comapa,26.26,6352.0
Veracruz de Ignacio de la Llave,Crdoba,11.52,22846.0
Veracruz de Ignacio de la Llave,Cosamaloapan de Carpio,24.82,12898.0
Veracruz de Ignacio de la Llave,Cosautln de Carvajal,7.91,1414.0
Veracruz de Ignacio de la Llave,Coscomatepec,21.65,15585.0
Veracruz de Ignacio de la Llave,Cosoleacaque,21.74,28131.0
Veracruz de Ignacio de la Llave,Cotaxtla,34.46,8508.0
Veracruz de Ignacio de la Llave,Coxquihui,42.04,8197.0
Veracruz de Ignacio de la Llave,Coyutla,27.06,7352.0
Veracruz de Ignacio de la Llave,Cuichapa,30.6,3812.0
Veracruz de Ignacio de la Llave,Cuitlhuac,14.65,4176.0
Veracruz de Ignacio de la Llave,Chacaltianguis,24.15,2774.0
Veracruz de Ignacio de la Llave,Chalma,22.82,3620.0
Veracruz de Ignacio de la Llave,Chiconamel,20.98,1435.0
Veracruz de Ignacio de la Llave,Chiconquiaco,16.45,2988.0
Veracruz de Ignacio de la Llave,Chicontepec,33.11,20609.0
Veracruz de Ignacio de la Llave,Chinameca,28.99,7228.0
Veracruz de Ignacio de la Llave,Chinampa de Gorostiza,17.0,3151.0
Veracruz de Ignacio de la Llave,Las Choapas,25.68,22176.0
Veracruz de Ignacio de la Llave,Chocamn,22.25,5420.0
Veracruz de Ignacio de la Llave,Chontla,19.7,3033.0
Veracruz de Ignacio de la Llave,Chumatln,57.19,2372.0
Veracruz de Ignacio de la Llave,Emiliano Zapata,14.03,11985.0
Veracruz de Ignacio de la Llave,Espinal,31.32,9735.0
Veracruz de Ignacio de la Llave,Filomeno Mata,40.39,8575.0
Veracruz de Ignacio de la Llave,Fortn,19.73,13524.0
Veracruz de Ignacio de la Llave,Gutirrez Zamora,26.16,6484.0
Veracruz de Ignacio de la Llave,Hidalgotitln,34.6,7386.0
Veracruz de Ignacio de la Llave,Huatusco,16.65,10756.0
Veracruz de Ignacio de la Llave,Huayacocotla,16.29,4207.0
Veracruz de Ignacio de la Llave,Hueyapan de Ocampo,32.49,15922.0
Veracruz de Ignacio de la Llave,Huiloapan de Cuauhtmoc,21.3,1608.0
Veracruz de Ignacio de la Llave,Ignacio de la Llave,32.02,5998.0
Veracruz de Ignacio de la Llave,Ilamatln,17.64,2442.0
Veracruz de Ignacio de la Llave,Isla,38.12,16472.0
Veracruz de Ignacio de la Llave,Ixcatepec,21.48,2828.0
Veracruz de Ignacio de la Llave,Ixhuacn de los Reyes,20.77,2756.0
Veracruz de Ignacio de la Llave,Ixhuatln del Caf,16.14,4588.0
Veracruz de Ignacio de la Llave,Ixhuatlancillo,35.95,10127.0
Veracruz de Ignacio de la Llave,Ixhuatln del Sureste,31.33,5026.0
Veracruz de Ignacio de la Llave,Ixhuatln de Madero,45.01,27515.0
Veracruz de Ignacio de la Llave,Ixmatlahuacan,16.55,955.0
Veracruz de Ignacio de la Llave,Ixtaczoquitln,19.8,14393.0
Veracruz de Ignacio de la Llave,Jalacingo,22.88,11777.0
Veracruz de Ignacio de la Llave,Xalapa,11.71,53872.0
Veracruz de Ignacio de la Llave,Jalcomulco,8.21,430.0
Veracruz de Ignacio de la Llave,Jltipan,46.71,19827.0
Veracruz de Ignacio de la Llave,Jamapa,27.93,3434.0
Veracruz de Ignacio de la Llave,Jess Carranza,38.57,12884.0
Veracruz de Ignacio de la Llave,Xico,15.9,6875.0
Veracruz de Ignacio de la Llave,Jilotepec,16.48,2883.0
Veracruz de Ignacio de la Llave,Juan Rodrguez Clara,27.5,12000.0
Veracruz de Ignacio de la Llave,Juchique de Ferrer,15.87,2713.0
Veracruz de Ignacio de la Llave,Landero y Coss,7.03,112.0
Veracruz de Ignacio de la Llave,Lerdo de Tejada,26.54,4714.0
Veracruz de Ignacio de la Llave,Magdalena,19.77,675.0
Veracruz de Ignacio de la Llave,Maltrata,15.13,3403.0
Veracruz de Ignacio de la Llave,Manlio Fabio Altamirano,26.73,6863.0
Veracruz de Ignacio de la Llave,Mariano Escobedo,30.82,13471.0
Veracruz de Ignacio de la Llave,Martnez de la Torre,19.56,22087.0
Veracruz de Ignacio de la Llave,Mecatln,32.79,4343.0
Veracruz de Ignacio de la Llave,Mecayapan,45.67,8852.0
Veracruz de Ignacio de la Llave,Medelln,16.86,15860.0
Veracruz de Ignacio de la Llave,Miahuatln,11.42,572.0
Veracruz de Ignacio de la Llave,Las Minas,27.62,839.0
Veracruz de Ignacio de la Llave,Minatitln,25.79,36378.0
Veracruz de Ignacio de la Llave,Misantla,18.24,12333.0
Veracruz de Ignacio de la Llave,Mixtla de Altamirano,42.7,5358.0
Veracruz de Ignacio de la Llave,Moloacn,18.38,3038.0
Veracruz de Ignacio de la Llave,Naolinco,15.88,3898.0
Veracruz de Ignacio de la Llave,Naranjal,35.51,1695.0
Veracruz de Ignacio de la Llave,Nautla,16.01,1713.0
Veracruz de Ignacio de la Llave,Nogales,14.27,5626.0
Veracruz de Ignacio de la Llave,Oluta,30.39,5707.0
Veracruz de Ignacio de la Llave,Omealca,29.06,7534.0
Veracruz de Ignacio de la Llave,Orizaba,12.82,14176.0
Veracruz de Ignacio de la Llave,Otatitln,25.59,1496.0
Veracruz de Ignacio de la Llave,Oteapan,31.77,3552.0
Veracruz de Ignacio de la Llave,Ozuluama de Mascareas,21.64,5511.0
Veracruz de Ignacio de la Llave,Pajapan,52.37,10976.0
Veracruz de Ignacio de la Llave,Pnuco,21.01,20057.0
Veracruz de Ignacio de la Llave,Papantla,30.44,54059.0
Veracruz de Ignacio de la Llave,Paso del Macho,14.78,4965.0
Veracruz de Ignacio de la Llave,Paso de Ovejas,22.83,7541.0
Veracruz de Ignacio de la Llave,La Perla,42.22,12346.0
Veracruz de Ignacio de la Llave,Perote,22.22,18428.0
Veracruz de Ignacio de la Llave,Platn Snchez,22.4,4203.0
Veracruz de Ignacio de la Llave,Playa Vicente,34.84,16383.0
Veracruz de Ignacio de la Llave,Poza Rica de Hidalgo,20.78,38480.0
Veracruz de Ignacio de la Llave,Las Vigas de Ramrez,17.22,4036.0
Veracruz de Ignacio de la Llave,Pueblo Viejo,18.83,10814.0
Veracruz de Ignacio de la Llave,Puente Nacional,17.84,4231.0
Veracruz de Ignacio de la Llave,Rafael Delgado,27.25,7348.0
Veracruz de Ignacio de la Llave,Rafael Lucio,6.19,535.0
Veracruz de Ignacio de la Llave,Los Reyes,11.92,778.0
Veracruz de Ignacio de la Llave,Ro Blanco,12.0,4646.0
Veracruz de Ignacio de la Llave,Saltabarranca,15.28,969.0
Veracruz de Ignacio de la Llave,San Andrs Tenejapan,40.51,1314.0
Veracruz de Ignacio de la Llave,San Andrs Tuxtla,45.3,85595.0
Veracruz de Ignacio de la Llave,San Juan Evangelista,28.46,10592.0
Veracruz de Ignacio de la Llave,Santiago Tuxtla,51.42,33974.0
Veracruz de Ignacio de la Llave,Sayula de Alemn,35.74,14157.0
Veracruz de Ignacio de la Llave,Soconusco,32.11,5827.0
Veracruz de Ignacio de la Llave,Sochiapa,23.32,947.0
Veracruz de Ignacio de la Llave,Soledad Atzompa,34.0,8647.0
Veracruz de Ignacio de la Llave,Soledad de Doblado,26.64,8331.0
Veracruz de Ignacio de la Llave,Soteapan,48.16,18600.0
Veracruz de Ignacio de la Llave,Tamaln,27.14,3478.0
Veracruz de Ignacio de la Llave,Tamiahua,27.21,6821.0
Veracruz de Ignacio de la Llave,Tampico Alto,19.86,2612.0
Veracruz de Ignacio de la Llave,Tancoco,16.14,968.0
Veracruz de Ignacio de la Llave,Tantima,22.15,3187.0
Veracruz de Ignacio de la Llave,Tantoyuca,38.16,42849.0
Veracruz de Ignacio de la Llave,Tatatila,19.36,1211.0
Veracruz de Ignacio de la Llave,Castillo de Teayo,28.17,7037.0
Veracruz de Ignacio de la Llave,Tecolutla,29.92,8121.0
Veracruz de Ignacio de la Llave,Tehuipango,9.53,2928.0
Veracruz de Ignacio de la Llave,çlamo Temapache,19.08,22455.0
Veracruz de Ignacio de la Llave,Tempoal,20.6,7487.0
Veracruz de Ignacio de la Llave,Tenampa,32.02,2136.0
Veracruz de Ignacio de la Llave,Tenochtitln,13.07,682.0
Veracruz de Ignacio de la Llave,Teocelo,6.94,1222.0
Veracruz de Ignacio de la Llave,Tepatlaxco,18.44,1703.0
Veracruz de Ignacio de la Llave,Tepetln,21.36,2079.0
Veracruz de Ignacio de la Llave,Tepetzintla,28.82,4799.0
Veracruz de Ignacio de la Llave,Tequila,21.44,3626.0
Veracruz de Ignacio de la Llave,Jos Azueta,28.56,6659.0
Veracruz de Ignacio de la Llave,Texcatepec,38.52,4315.0
Veracruz de Ignacio de la Llave,Texhuacn,29.69,1713.0
Veracruz de Ignacio de la Llave,Texistepec,29.88,7216.0
Veracruz de Ignacio de la Llave,Tezonapa,26.09,15894.0
Veracruz de Ignacio de la Llave,Tierra Blanca,19.98,18830.0
Veracruz de Ignacio de la Llave,Tihuatln,24.07,25364.0
Veracruz de Ignacio de la Llave,Tlacojalpan,17.55,815.0
Veracruz de Ignacio de la Llave,Tlacolulan,16.34,2154.0
Veracruz de Ignacio de la Llave,Tlacotalpan,30.93,3808.0
Veracruz de Ignacio de la Llave,Tlacotepec de Meja,12.9,572.0
Veracruz de Ignacio de la Llave,Tlachichilco,23.44,2644.0
Veracruz de Ignacio de la Llave,Tlalixcoyan,26.15,10312.0
Veracruz de Ignacio de la Llave,Tlalnelhuayocan,19.95,4388.0
Veracruz de Ignacio de la Llave,Tlapacoyan,23.9,14775.0
Veracruz de Ignacio de la Llave,Tlaquilpa,26.36,2164.0
Veracruz de Ignacio de la Llave,Tlilapan,29.88,1716.0
Veracruz de Ignacio de la Llave,Tomatln,19.22,1432.0
Veracruz de Ignacio de la Llave,Tonayn,8.77,554.0
Veracruz de Ignacio de la Llave,Totutla,13.16,2645.0
Veracruz de Ignacio de la Llave,Tuxpan,12.84,19878.0
Veracruz de Ignacio de la Llave,Tuxtilla,24.05,562.0
Veracruz de Ignacio de la Llave,Ursulo Galvn,13.93,3844.0
Veracruz de Ignacio de la Llave,Vega de Alatorre,18.23,3748.0
Veracruz de Ignacio de la Llave,Veracruz,15.14,84801.0
Veracruz de Ignacio de la Llave,Villa Aldama,14.26,1984.0
Veracruz de Ignacio de la Llave,Xoxocotla,32.98,2014.0
Veracruz de Ignacio de la Llave,Yanga,28.88,5388.0
Veracruz de Ignacio de la Llave,Yecuatla,22.17,2889.0
Veracruz de Ignacio de la Llave,Zacualpan,23.54,1653.0
Veracruz de Ignacio de la Llave,Zaragoza,33.41,4444.0
Veracruz de Ignacio de la Llave,Zentla,13.02,1901.0
Veracruz de Ignacio de la Llave,Zongolica,26.26,14266.0
Veracruz de Ignacio de la Llave,Zontecomatln de Lpez y Fuentes,57.85,8766.0
Veracruz de Ignacio de la Llave,Zozocolco de Hidalgo,47.52,7143.0
Veracruz de Ignacio de la Llave,Agua Dulce,23.2,10045.0
Veracruz de Ignacio de la Llave,El Higo,19.02,3879.0
Veracruz de Ignacio de la Llave,Nanchital de Lzaro Crdenas del Ro,25.13,6642.0
Veracruz de Ignacio de la Llave,Tres Valles,23.66,11282.0
Veracruz de Ignacio de la Llave,Carlos A. Carrillo,22.63,4633.0
Veracruz de Ignacio de la Llave,Tatahuicapan de Jurez,46.77,7786.0
Veracruz de Ignacio de la Llave,Uxpanapa,48.62,17617.0
Veracruz de Ignacio de la Llave,San Rafael,15.6,4836.0
Veracruz de Ignacio de la Llave,Santiago Sochiapan,45.86,7952.0
Yucatn,Abal,11.11,708.0
Yucatn,Acanceh,17.23,3000.0
Yucatn,Akil,32.22,3940.0
Yucatn,Baca,16.21,978.0
Yucatn,Bokob,22.7,479.0
Yucatn,Buctzotz,18.02,1607.0
Yucatn,Cacalchn,11.49,838.0
Yucatn,Calotmul,19.28,741.0
Yucatn,Cansahcab,21.95,954.0
Yucatn,Cantamayec,28.78,772.0
Yucatn,Celestn,37.88,3094.0
Yucatn,Cenotillo,25.18,916.0
Yucatn,Conkal,18.17,2921.0
Yucatn,Cuncunul,12.42,207.0
Yucatn,Cuzam,7.25,393.0
Yucatn,Chacsinkn,12.12,366.0
Yucatn,Chankom,17.31,790.0
Yucatn,Chapab,15.62,515.0
Yucatn,Chemax,33.99,12138.0
Yucatn,Chicxulub Pueblo,11.55,506.0
Yucatn,Chichimil,23.87,2186.0
Yucatn,Chikindzonot,22.7,964.0
Yucatn,Chochol,15.46,732.0
Yucatn,Chumayel,27.92,882.0
Yucatn,Dzn,25.44,1486.0
Yucatn,Dzemul,20.43,720.0
Yucatn,Dzidzantn,17.14,1393.0
Yucatn,Dzilam de Bravo,22.47,642.0
Yucatn,Dzilam Gonzlez,20.89,1269.0
Yucatn,Dzits,21.83,853.0
Yucatn,Dzoncauich,12.69,348.0
Yucatn,Espita,40.65,6980.0
Yucatn,Halach,29.54,6508.0
Yucatn,Hocab,11.52,730.0
Yucatn,Hoctn,36.25,2253.0
Yucatn,Homn,19.92,1569.0
Yucatn,Huh,22.65,1158.0
Yucatn,Hunucm,25.73,9108.0
Yucatn,Ixil,13.34,544.0
Yucatn,Izamal,29.42,8836.0
Yucatn,Kanasn,26.02,36828.0
Yucatn,Kantunil,20.13,1088.0
Yucatn,Kaua,11.75,390.0
Yucatn,Kinchil,22.9,1679.0
Yucatn,Kopom,9.02,235.0
Yucatn,Mama,23.0,738.0
Yucatn,Man,25.13,1460.0
Yucatn,Maxcan,22.0,5306.0
Yucatn,Mayapn,27.2,1050.0
Yucatn,Mrida,18.97,178633.0
Yucatn,Mococh,10.2,341.0
Yucatn,Motul,32.24,12861.0
Yucatn,Muna,30.28,4503.0
Yucatn,Muxupip,13.73,400.0
Yucatn,Opichn,24.3,1675.0
Yucatn,Oxkutzcab,27.93,10022.0
Yucatn,Panab,26.38,1994.0
Yucatn,Peto,36.21,8986.0
Yucatn,Progreso,29.38,18289.0
Yucatn,Quintana Roo,19.94,189.0
Yucatn,Ro Lagartos,23.34,903.0
Yucatn,Sacalum,23.48,1134.0
Yucatn,Samahil,22.49,1233.0
Yucatn,Sanahcat,9.69,160.0
Yucatn,San Felipe,22.09,456.0
Yucatn,Santa Elena,22.54,926.0
Yucatn,Sey,24.46,2655.0
Yucatn,Sinanch,22.44,700.0
Yucatn,Sotuta,23.96,2091.0
Yucatn,Sucil,23.95,926.0
Yucatn,Sudzal,28.06,532.0
Yucatn,Suma,7.56,137.0
Yucatn,Tahdzi,24.87,1417.0
Yucatn,Tahmek,17.28,635.0
Yucatn,Teabo,20.69,1394.0
Yucatn,Tecoh,29.38,5275.0
Yucatn,Tekal de Venegas,24.06,629.0
Yucatn,Tekant,11.61,423.0
Yucatn,Tekax,26.78,11573.0
Yucatn,Tekit,31.84,3552.0
Yucatn,Tekom,30.06,982.0
Yucatn,Telchac Pueblo,19.06,652.0
Yucatn,Telchac Puerto,15.18,283.0
Yucatn,Temax,30.31,2076.0
Yucatn,Temozn,27.02,4389.0
Yucatn,Tepakn,28.4,589.0
Yucatn,Tetiz,15.18,807.0
Yucatn,Teya,11.85,221.0
Yucatn,Ticul,26.93,10724.0
Yucatn,Timucuy,19.66,1436.0
Yucatn,Tinum,26.79,3495.0
Yucatn,Tixcacalcupul,34.84,2675.0
Yucatn,Tixkokob,17.71,3349.0
Yucatn,Tixmehuac,10.55,559.0
Yucatn,Tixphual,10.95,607.0
Yucatn,Tizimn,23.02,19000.0
Yucatn,Tunks,29.66,1064.0
Yucatn,Tzucacab,32.19,5098.0
Yucatn,Uayma,32.29,1317.0
Yucatn,Uc,14.27,563.0
Yucatn,Umn,27.03,19207.0
Yucatn,Valladolid,27.13,22818.0
Yucatn,Xocchel,19.75,664.0
Yucatn,Yaxcab,33.6,5452.0
Yucatn,Yaxkukul,13.86,444.0
Yucatn,Yoban,19.54,421.0
Zacatecas,Apozol,3.35,212.0
Zacatecas,Apulco,9.6,479.0
Zacatecas,Atolinga,9.23,212.0
Zacatecas,Benito Jurez,13.39,607.0
Zacatecas,Calera,15.94,6814.0
Zacatecas,Caitas de Felipe Pescador,16.86,1405.0
Zacatecas,Concepcin del Oro,11.02,1346.0
Zacatecas,Cuauhtmoc,23.25,3164.0
Zacatecas,Chalchihuites,14.71,1791.0
Zacatecas,Fresnillo,12.56,29608.0
Zacatecas,Trinidad Garca de la Cadena,4.5,153.0
Zacatecas,Genaro Codina,14.01,1155.0
Zacatecas,General Enrique Estrada,15.32,1027.0
Zacatecas,General Francisco R. Murgua,21.6,4375.0
Zacatecas,El Plateado de Joaqun Amaro,5.98,95.0
Zacatecas,General Pnfilo Natera,22.17,5253.0
Zacatecas,Guadalupe,15.24,32157.0
Zacatecas,Huanusco,9.02,414.0
Zacatecas,Jalpa,13.05,3366.0
Zacatecas,Jerez,13.88,8240.0
Zacatecas,Jimnez del Teul,21.34,962.0
Zacatecas,Juan Aldama,12.96,2532.0
Zacatecas,Juchipila,9.12,1179.0
Zacatecas,Loreto,19.88,10913.0
Zacatecas,Luis Moya,22.02,3026.0
Zacatecas,Mazapil,21.43,4485.0
Zacatecas,Melchor Ocampo,21.5,594.0
Zacatecas,Mezquital del Oro,5.81,144.0
Zacatecas,Miguel Auza,9.71,2316.0
Zacatecas,Momax,9.09,224.0
Zacatecas,Monte Escobedo,10.7,937.0
Zacatecas,Morelos,14.97,1912.0
Zacatecas,Moyahua de Estrada,4.49,205.0
Zacatecas,Nochistln de Meja,6.24,1832.0
Zacatecas,Noria de çngeles,22.75,3932.0
Zacatecas,Ojocaliente,28.31,13002.0
Zacatecas,Pnuco,25.15,4086.0
Zacatecas,Pinos,27.37,21100.0
Zacatecas,Ro Grande,17.77,11807.0
Zacatecas,Sain Alto,12.19,2624.0
Zacatecas,El Salvador,18.55,470.0
Zacatecas,Sombrerete,20.95,13763.0
Zacatecas,Susticacn,9.11,125.0
Zacatecas,Tabasco,12.35,1987.0
Zacatecas,Tepechitln,7.43,624.0
Zacatecas,Tepetongo,12.05,789.0
Zacatecas,Tel de Gonzlez Ortega,6.74,364.0
Zacatecas,Tlaltenango de Snchez Romn,18.91,5371.0
Zacatecas,Valparaso,18.67,6021.0
Zacatecas,Vetagrande,20.55,2064.0
Zacatecas,Villa de Cos,12.76,4319.0
Zacatecas,Villa Garca,12.13,2410.0
Zacatecas,Villa Gonzlez Ortega,20.92,2968.0
Zacatecas,Villa Hidalgo,28.95,5985.0
Zacatecas,Villanueva,16.14,5321.0
Zacatecas,Zacatecas,14.14,21190.0
Zacatecas,Trancoso,25.99,5268.0
Zacatecas,Santa Mara de la Paz,13.6,380.0
